y_am_pef,tempin,humidin,pm25in,co2in,tempdiffin,humidiffin,pm25diffin,pm10,pm25,o3,no2,co,so2,temp,windsd,humid,varp,dewpt,airp,seap,solrhr,solramnt,grdt,class
0.494,0.511,0.617,0.394,0.654,0.413,0.357,0.318,0.659,0.483,0.2,0.412,0.613,0.333,0.602,0.224,0.697,0.368,0.655,0.626,0.617,0.409,0.147,0.467,1
0.2950669229030609,0.5386301279067993,0.40084192156791687,0.47876960039138794,0.3400731384754181,0.5346330404281616,0.2985226511955261,0.3793117105960846,0.6462302207946777,0.5209383368492126,0.1733918935060501,0.5846647620201111,0.5733232498168945,0.38978704810142517,0.5021711587905884,0.11642606556415558,0.5664137601852417,0.23061878979206085,0.5250127911567688,0.7120872139930725,0.6915699243545532,0.37664103507995605,0.17113971710205078,0.34614434838294983,0
0.309,0.598,0.487,0.298,0.326,0.443,0.12,0.506,0.378,0.192,0.1,0.451,0.491,0.111,0.594,0.406,0.805,0.388,0.676,0.583,0.575,0.319,0.102,0.43,1
0.2571844458580017,0.8328366875648499,0.6474409699440002,0.45413893461227417,0.3637210726737976,0.27211084961891174,0.3220875561237335,0.4274342358112335,0.5968407988548279,0.463093638420105,0.3686287999153137,0.420100599527359,0.45586758852005005,0.4245744049549103,0.7948559522628784,0.22893723845481873,0.7601682543754578,0.6290819048881531,0.7766973376274109,0.5012636780738831,0.48251399397850037,0.18713974952697754,0.1780160665512085,0.6723152995109558,0
0.182,0.768,0.259,0.229,0.499,0.653,0.63,0.437,0.385,0.211,0.133,0.431,0.387,0.222,0.441,0.145,0.137,0.105,0.335,0.599,0.597,0.689,0.212,0.277,1
0.317,0.902,0.555,0.416,0.293,0.357,0.716,0.617,0.546,0.167,0.467,0.176,0.399,0.111,0.735,0.485,0.312,0.342,0.626,0.629,0.615,0.697,0.261,0.66,1
0.2831666171550751,0.6207100749015808,0.45320016145706177,0.40888795256614685,0.36238566040992737,0.46411192417144775,0.38333654403686523,0.4100985825061798,0.5747997760772705,0.3908155560493469,0.21763339638710022,0.5238944888114929,0.5105436444282532,0.3675881028175354,0.5805174708366394,0.12711629271507263,0.5382543802261353,0.27077746391296387,0.5560287237167358,0.6967182159423828,0.6676376461982727,0.41843411326408386,0.21682152152061462,0.42282891273498535,0
0.228,0.616,0.324,0.255,0.264,0.619,0.439,0.406,0.392,0.268,0.267,0.392,0.393,0.222,0.44,0.188,0.37,0.155,0.423,0.719,0.715,0.764,0.589,0.329,1
0.319,0.688,0.68,0.446,0.372,0.244,0.416,0.27,0.577,0.58,0.733,0.255,0.393,0.333,0.791,0.372,0.697,0.56,0.797,0.426,0.419,0.73,0.607,0.701,1
0.348,0.644,0.342,0.239,0.323,0.61,0.394,0.493,0.478,0.156,0.333,0.098,0.179,0.222,0.454,0.834,0.427,0.203,0.453,0.407,0.409,0.417,0.127,0.291,
0.3112393915653229,0.4807221293449402,0.35668304562568665,0.36741966009140015,0.37695959210395813,0.5730167627334595,0.44875502586364746,0.4275607764720917,0.5241908431053162,0.3130892515182495,0.1971507966518402,0.5166812539100647,0.48486554622650146,0.33828219771385193,0.4445405602455139,0.130115807056427,0.3891793191432953,0.16058452427387238,0.4158950448036194,0.7521847486495972,0.7288022041320801,0.5736745595932007,0.2718958258628845,0.3113483786582947,0
0.3230353593826294,0.5068396925926208,0.37111419439315796,0.49858489632606506,0.3309438228607178,0.5794956088066101,0.2654823064804077,0.4116121530532837,0.6329492330551147,0.5368584394454956,0.241253063082695,0.4574413001537323,0.49676910042762756,0.4178091585636139,0.4514622092247009,0.21730346977710724,0.5764235258102417,0.25778084993362427,0.4958537817001343,0.6478667855262756,0.656952977180481,0.30408138036727905,0.15651805698871613,0.31777432560920715,0
0.257,0.557,0.349,0.297,0.444,0.614,0.559,0.25,0.592,0.477,0.0,0.627,0.381,0.222,0.432,0.018,0.28,0.134,0.392,0.49,0.492,0.246,0.116,0.261,1
0.2995360791683197,0.3274693489074707,0.15169115364551544,0.16812264919281006,0.2829494774341583,0.788121223449707,0.5680435299873352,0.5634684562683105,0.2732889652252197,0.04349657520651817,0.3619566559791565,0.078215092420578,0.13940691947937012,0.1886606216430664,0.22372066974639893,0.6052672863006592,0.12462225556373596,0.03778291866183281,0.16166847944259644,0.7536413669586182,0.7483899593353271,0.7345606088638306,0.2789379358291626,0.12974604964256287,0
0.26745137572288513,0.4316924214363098,0.29599079489707947,0.3367672860622406,0.33922716975212097,0.630134105682373,0.4122902452945709,0.4272603988647461,0.5187332034111023,0.2633492946624756,0.14254312217235565,0.49163201451301575,0.4688548147678375,0.28406956791877747,0.4032900929450989,0.09947295486927032,0.3622310161590576,0.09687754511833191,0.372457891702652,0.8090616464614868,0.7910593748092651,0.5721040964126587,0.19801121950149536,0.23454199731349945,0
0.359,0.585,0.376,0.185,0.387,0.534,0.105,0.325,0.399,0.3,0.067,0.431,0.376,0.111,0.509,0.309,0.724,0.286,0.583,0.591,0.587,0.632,0.202,0.322,
0.397,0.451,0.147,0.228,0.2,0.878,0.317,0.533,0.308,0.103,0.3,0.039,0.122,0.222,0.173,0.823,0.331,0.056,0.217,0.587,0.596,0.746,0.236,0.095,
0.29012763500213623,0.22209282219409943,0.06653092056512833,0.13720302283763885,0.17178218066692352,0.9006105065345764,0.5011643767356873,0.5411614775657654,0.25999411940574646,0.023757411167025566,0.4572356343269348,0.02470545470714569,0.07674908638000488,0.1627785861492157,0.10004360973834991,0.8365783095359802,0.06330209225416183,0.012537756934762001,0.07399732619524002,0.750328540802002,0.7519322037696838,0.8087045550346375,0.23921194672584534,0.056220583617687225,0
0.3065752387046814,0.29218894243240356,0.22916698455810547,0.4416417181491852,0.3274132013320923,0.7134270668029785,0.3469092547893524,0.3578037619590759,0.6313115358352661,0.4697636663913727,0.10457642376422882,0.6951384544372559,0.6511059999465942,0.3673151731491089,0.2839326858520508,0.040760207921266556,0.353783518075943,0.06581743061542511,0.2882191836833954,0.8579905033111572,0.8426231145858765,0.6332132816314697,0.19725871086120605,0.16420741379261017,0
0.273,0.403,0.256,0.386,0.216,0.642,0.115,0.584,0.367,0.178,0.1,0.412,0.318,0.333,0.374,0.355,0.612,0.181,0.453,0.736,0.735,0.469,0.191,0.248,1
0.328867435,0.463244766,0.300822854,0.309499979,0.401947081,0.707339883,0.527641058,0.568245053,0.420782566,0.166704893,0.448728204,0.163176626,0.223632589,0.385059237,0.334778875,0.535755277,0.317032337,0.114575937,0.320401311,0.647469759,0.576624393,0.629416347,0.33940661,0.225680172,
0.198503569,0.858554423,0.474039406,0.344814509,0.219879344,0.425112754,0.278401852,0.575498104,0.506615639,0.165524453,0.442849219,0.059460755,0.232884333,0.264231235,0.709740341,0.796910226,0.540109873,0.431335062,0.631385326,0.475515008,0.413647473,0.204886749,0.103200778,0.549102485,
0.239006668,0.435887605,0.277407855,0.2961815,0.328220367,0.615636349,0.363781571,0.461831182,0.408234984,0.209850684,0.097188383,0.4978019,0.521501303,0.21777305,0.406680465,0.081934653,0.342373699,0.13534902,0.304162502,0.854563415,0.873075843,0.495779574,0.155394986,0.258573651,
0.3108954429626465,0.533001184463501,0.4229483902454376,0.5924083590507507,0.3345484733581543,0.520550549030304,0.23626315593719482,0.30509868264198303,0.7561187148094177,0.7361457943916321,0.13265706598758698,0.7637722492218018,0.7294211983680725,0.47047746181488037,0.5030109286308289,0.06317195296287537,0.6476980447769165,0.2675354480743408,0.5686787962913513,0.7225881814956665,0.6858166456222534,0.354876846075058,0.16167397797107697,0.36551859974861145,0
0.3561534583568573,0.46334391832351685,0.327651709318161,0.17989091575145721,0.4515416920185089,0.59946209192276,0.6864738464355469,0.5763921141624451,0.2549425959587097,0.055912189185619354,0.3111813962459564,0.21009543538093567,0.19363147020339966,0.20460201799869537,0.42813271284103394,0.3685130178928375,0.182030588388443,0.10787338763475418,0.32631996273994446,0.7043649554252625,0.7222491502761841,0.7658022046089172,0.4856365919113159,0.3308275043964386,0
0.14,0.642,0.416,0.135,0.315,0.415,0.311,0.452,0.258,0.116,0.367,0.176,0.087,0.0,0.628,0.219,0.568,0.323,0.619,0.702,0.695,0.36,0.42,0.522,1
0.517,0.675,0.644,0.258,0.325,0.044,0.945,0.477,0.358,0.191,0.867,0.392,0.208,0.444,0.967,0.124,0.175,0.448,0.714,0.491,0.475,0.878,0.956,0.885,1
0.264,0.598,0.263,0.266,0.361,0.64,0.512,0.536,0.377,0.132,0.3,0.196,0.248,0.222,0.417,0.287,0.25,0.122,0.367,0.716,0.713,0.705,0.219,0.258,
0.326155722,0.633762479,0.391118705,0.461809814,0.338484287,0.508441389,0.328898221,0.427384555,0.645309985,0.398360789,0.34617278,0.239942878,0.373740375,0.399303198,0.534494758,0.486182213,0.555418491,0.295004278,0.539849639,0.519442201,0.498110831,0.398718774,0.207695931,0.377111703,
0.412,0.628,0.734,0.366,0.041,0.211,0.329,0.593,0.205,0.151,0.7,0.118,0.221,0.0,0.807,0.508,0.823,0.682,0.848,0.0,0.0,0.14,0.184,0.719,1
0.37,0.645,0.445,0.134,0.257,0.405,0.693,0.521,0.211,0.038,0.367,0.235,0.122,0.0,0.637,0.334,0.238,0.225,0.522,0.783,0.773,0.919,0.759,0.571,
0.257,0.513,0.09,0.181,0.211,0.89,0.3,0.545,0.279,0.051,0.233,0.02,0.075,0.111,0.175,0.855,0.297,0.051,0.207,0.761,0.766,0.754,0.225,0.089,1
0.337,0.753,0.448,0.306,0.27,0.548,0.073,0.46,0.345,0.25,0.333,0.294,0.376,0.111,0.532,0.689,0.815,0.327,0.625,0.024,0.03,0.0,0.059,0.334,1
0.329450279,0.585447192,0.396544605,0.603687465,0.34764117,0.485139519,0.174495921,0.251507998,0.82980448,0.765389264,0.211205065,0.496302605,0.519568086,0.415666848,0.549936175,0.191273823,0.706352353,0.318335295,0.673003376,0.529719472,0.544420183,0.347760856,0.152136564,0.311924517,
0.275,0.97,0.436,0.45,0.447,0.353,0.671,0.498,0.638,0.328,0.067,1.0,1.0,0.333,0.752,0.004,0.251,0.314,0.613,0.618,0.604,0.722,0.254,0.662,
0.31244957447052,0.558885395526886,0.4386748969554901,0.5960921049118042,0.3319191634654999,0.5074868202209473,0.22035251557826996,0.3257228136062622,0.7470589280128479,0.7317629456520081,0.16115814447402954,0.7046594619750977,0.6874822378158569,0.4738866090774536,0.5240811705589294,0.09384150058031082,0.6818708181381226,0.31427186727523804,0.5940000414848328,0.677552342414856,0.6529459357261658,0.29042115807533264,0.14812663197517395,0.38459721207618713,0
0.21834522485733032,0.9086882472038269,0.7272255420684814,0.3207907974720001,0.3925478756427765,0.179777130484581,0.466695100069046,0.4981895685195923,0.45093873143196106,0.22583946585655212,0.5002903938293457,0.2783925533294678,0.3161522448062897,0.3652935028076172,0.8814756870269775,0.27911078929901123,0.7369257807731628,0.7158750891685486,0.8222745060920715,0.4652682840824127,0.4368216097354889,0.20941931009292603,0.23556531965732574,0.7847475409507751,0
0.375,0.257,0.234,0.287,0.509,0.807,0.615,0.543,0.345,0.142,0.2,0.275,0.272,0.222,0.196,0.285,0.129,0.035,0.156,1.0,1.0,0.738,0.23,0.116,
0.389522523,0.648730636,0.507171988,0.64791441,0.363912433,0.446827918,0.315445513,0.326052785,0.776541054,0.699030995,0.233338445,0.624297023,0.622783601,0.499949604,0.613902807,0.13914524,0.681837499,0.364946872,0.660433471,0.591760993,0.520109117,0.431296885,0.220096692,0.48150903,
0.377,0.614,0.487,0.043,0.394,0.504,0.414,0.42,0.188,0.075,0.3,0.235,0.144,0.0,0.542,0.463,0.533,0.258,0.558,0.653,0.65,0.713,0.541,0.451,1
0.33283779,0.309841156,0.184196532,0.228356317,0.330808729,0.774431467,0.534361839,0.516248465,0.342388123,0.105225824,0.316295594,0.152941689,0.195566863,0.243301153,0.22463949,0.405801982,0.185698032,0.044160582,0.214739904,0.772485495,0.772795439,0.724595428,0.282543302,0.150492296,
0.191,0.756,0.933,0.174,0.851,0.123,0.724,0.549,0.225,0.04,0.467,0.157,0.035,0.333,0.913,0.361,0.628,0.694,0.869,0.438,0.424,0.656,0.582,0.816,
0.395,0.348,0.277,0.378,0.323,0.693,0.55,0.516,0.602,0.248,0.467,0.078,0.226,0.333,0.317,0.613,0.226,0.088,0.278,0.637,0.64,0.476,0.216,0.187,
0.154458687,0.95843184,0.777446926,0.266879469,0.320561916,0.140262067,0.45600003,0.488102078,0.386973262,0.176981196,0.596271873,0.300222814,0.278536499,0.356614172,0.889874578,0.229291603,0.790673554,0.785073757,0.912585914,0.424215645,0.435203493,0.111893401,0.138566822,0.806726336,
0.397,0.771,0.486,0.372,0.235,0.322,0.535,0.555,0.403,0.199,0.367,0.333,0.237,0.222,0.738,0.247,0.42,0.377,0.666,0.312,0.308,0.976,0.908,0.702,1
0.439,0.61,0.354,0.307,0.232,0.484,0.467,0.546,0.466,0.155,0.267,0.235,0.248,0.111,0.559,0.515,0.37,0.242,0.517,0.487,0.482,0.606,0.163,0.387,1
0.288,0.199,0.199,0.43,0.433,0.796,0.541,0.612,0.355,0.183,0.2,0.333,0.336,0.222,0.193,0.089,0.169,0.041,0.169,0.775,0.779,0.78,0.274,0.134,
0.43,0.594,0.226,0.261,0.228,0.639,0.606,0.63,0.397,0.023,0.367,0.098,0.047,0.0,0.418,0.727,0.131,0.098,0.318,0.807,0.803,0.746,0.241,0.351,1
0.373,0.909,0.75,0.297,0.587,0.161,0.537,0.409,0.467,0.3,0.4,0.51,0.48,0.333,0.911,0.132,0.645,0.705,0.871,0.508,0.49,0.254,0.169,0.862,1
0.359,0.697,0.739,0.267,0.358,0.196,0.417,0.4,0.303,0.285,0.533,0.216,0.248,0.333,0.836,0.156,0.746,0.651,0.847,0.451,0.441,0.427,0.522,0.765,1
0.32558321952819824,0.4908399283885956,0.35981133580207825,0.47837647795677185,0.33452847599983215,0.5905213952064514,0.28497228026390076,0.4198964238166809,0.613917350769043,0.49980345368385315,0.23399591445922852,0.4451996684074402,0.4861273169517517,0.4057061970233917,0.4352544844150543,0.20827791094779968,0.5403261780738831,0.22923961281776428,0.4683587849140167,0.6690768599510193,0.6738860607147217,0.33121535181999207,0.16139915585517883,0.3021191358566284,0
0.33202606439590454,0.3702514171600342,0.23908671736717224,0.17453661561012268,0.4044097661972046,0.6938134431838989,0.6573870182037354,0.586971640586853,0.2501605451107025,0.05097311735153198,0.3078770339488983,0.16385237872600555,0.1802445948123932,0.19611993432044983,0.3228710889816284,0.40533044934272766,0.15088500082492828,0.06736750900745392,0.23397661745548248,0.7548092603683472,0.7640441656112671,0.7600838541984558,0.39667633175849915,0.21410039067268372,0
0.257,0.237,0.241,0.379,0.316,0.723,0.468,0.331,0.623,0.456,0.0,0.686,0.867,0.222,0.267,0.065,0.272,0.072,0.265,0.917,0.916,0.409,0.146,0.157,
0.2935582101345062,0.18785680830478668,0.05525403469800949,0.15031664073467255,0.15556932985782623,0.9202673435211182,0.4525902569293976,0.515917956829071,0.27702218294143677,0.026762457564473152,0.44233012199401855,0.02446920983493328,0.07978292554616928,0.1698276847600937,0.08457531034946442,0.8268094062805176,0.058898765593767166,0.009943466633558273,0.0624244250357151,0.7655673027038574,0.7731109261512756,0.8168036341667175,0.221452996134758,0.04659491404891014,0
0.501,0.506,0.529,0.115,0.494,0.469,0.269,0.383,0.205,0.176,0.267,0.216,0.208,0.111,0.551,0.26,0.703,0.303,0.598,0.355,0.358,0.098,0.265,0.464,1
0.197,0.611,0.478,0.194,0.277,0.25,0.73,0.405,0.285,0.218,0.333,0.49,0.283,0.222,0.77,0.17,0.232,0.308,0.604,0.56,0.55,0.992,0.916,0.699,1
0.264,0.602,0.133,0.081,0.151,0.812,0.653,0.473,0.251,0.047,0.333,0.059,0.208,0.333,0.264,0.839,0.007,0.034,0.144,0.818,0.819,0.738,0.23,0.169,1
0.248,0.707,0.611,0.348,0.371,0.415,0.356,0.228,0.594,0.544,0.333,0.353,0.365,0.222,0.642,0.25,0.693,0.391,0.679,0.492,0.488,0.0,0.248,0.558,
0.2987779974937439,0.43158769607543945,0.32244673371315,0.4483641982078552,0.33720535039901733,0.6140478253364563,0.33248329162597656,0.37533992528915405,0.6287974715232849,0.47048473358154297,0.13811884820461273,0.6218968629837036,0.5903047919273376,0.368351548910141,0.40331971645355225,0.07962162792682648,0.4560108482837677,0.13464665412902832,0.41507333517074585,0.7857422828674316,0.7641883492469788,0.5025675892829895,0.18811023235321045,0.25759246945381165,0
0.305831939,0.631097972,0.463416278,0.466848582,0.373942673,0.480711937,0.402112752,0.491220951,0.558238029,0.360838056,0.191762671,0.509491444,0.580634713,0.398485124,0.571837544,0.166678056,0.528682053,0.337737352,0.489700645,0.711953282,0.660994172,0.409865379,0.211774543,0.467646897,
0.2996135354042053,0.45997509360313416,0.30680403113365173,0.23601748049259186,0.389911025762558,0.6182956695556641,0.5611282587051392,0.5414976477622986,0.3415256142616272,0.10945774614810944,0.27325838804244995,0.24525345861911774,0.26674219965934753,0.24046143889427185,0.41717368364334106,0.2994452714920044,0.26786482334136963,0.11733768880367279,0.3371690809726715,0.7395378947257996,0.735654354095459,0.6146991848945618,0.29222702980041504,0.2692837417125702,0
0.3218623399734497,0.3328554034233093,0.17013201117515564,0.22168172895908356,0.2914276123046875,0.7723252177238464,0.5100826025009155,0.5356990694999695,0.33527901768684387,0.08092983067035675,0.3680509328842163,0.11166393011808395,0.18185806274414062,0.23741193115711212,0.23297730088233948,0.5660170912742615,0.1670467108488083,0.05483023077249527,0.18841643631458282,0.7257245182991028,0.7259727716445923,0.6802697777748108,0.274582177400589,0.1463412642478943,0
0.322445333,0.430387199,0.223654285,0.291847497,0.308708251,0.730062783,0.416137934,0.477248728,0.471514255,0.174287841,0.451172739,0.091044769,0.156899214,0.286003083,0.305156767,0.669378042,0.290573239,0.077725261,0.325636357,0.605885446,0.590209723,0.620633245,0.255307049,0.174616411,
0.3044464886188507,0.6027074456214905,0.3154922127723694,0.4030645787715912,0.23303452134132385,0.6162750124931335,0.25645679235458374,0.43590763211250305,0.5650625824928284,0.31465187668800354,0.43675559759140015,0.13250404596328735,0.26484376192092896,0.351179838180542,0.4386941194534302,0.7108182907104492,0.514767050743103,0.2351727932691574,0.46928679943084717,0.48261573910713196,0.4851253628730774,0.26673176884651184,0.1391686648130417,0.31368133425712585,0
0.3151536285877228,0.38754546642303467,0.21625551581382751,0.2762486934661865,0.30178073048591614,0.7219225764274597,0.44492655992507935,0.5102198719978333,0.40355855226516724,0.1401268094778061,0.34380966424942017,0.1632995903491974,0.23511750996112823,0.27412280440330505,0.29223576188087463,0.4934607148170471,0.25578269362449646,0.0900704637169838,0.2625872492790222,0.6952980756759644,0.7002187371253967,0.5754907727241516,0.2406029850244522,0.18776653707027435,0
0.174536645,0.915665448,0.646474659,0.287501633,0.332489282,0.260760933,0.405792236,0.607158959,0.398016423,0.154850096,0.508179724,0.167488039,0.303577602,0.357095808,0.807034492,0.525460303,0.687273264,0.688545823,0.759996355,0.452192247,0.435843438,0.150887743,0.151516423,0.694525242,
0.24877040088176727,0.8052564859390259,0.4798094630241394,0.29835039377212524,0.2593212425708771,0.4150761663913727,0.33502957224845886,0.48791173100471497,0.47417888045310974,0.16911642253398895,0.45987287163734436,0.08656768500804901,0.20649445056915283,0.26199543476104736,0.6711181998252869,0.7556279897689819,0.5555317997932434,0.3707370162010193,0.6341722011566162,0.44514602422714233,0.3904828727245331,0.20086002349853516,0.12655936181545258,0.5002288222312927,0
0.29668766260147095,0.5362396836280823,0.2625919282436371,0.2894652485847473,0.24944984912872314,0.6649541854858398,0.36044245958328247,0.49186134338378906,0.4407387673854828,0.14754903316497803,0.4374016523361206,0.09262964874505997,0.1928870677947998,0.27026957273483276,0.3809082806110382,0.7341246008872986,0.349592387676239,0.14494112133979797,0.3624264597892761,0.5583328008651733,0.5543603897094727,0.41066333651542664,0.1821218580007553,0.2571435570716858,0
0.377,0.425,0.212,0.199,0.303,0.757,0.378,0.541,0.334,0.071,0.2,0.216,0.456,0.111,0.276,0.349,0.33,0.084,0.289,0.988,0.985,0.722,0.227,0.15,1
0.408,0.382,0.097,0.132,0.159,0.889,0.502,0.472,0.269,0.091,0.433,0.039,0.104,0.222,0.149,0.847,0.117,0.025,0.117,0.742,0.748,0.829,0.316,0.075,1
0.25404873490333557,0.7436175346374512,0.4122001528739929,0.2761697471141815,0.25929901003837585,0.4852660596370697,0.3582049012184143,0.49806758761405945,0.4485834836959839,0.14132022857666016,0.44132909178733826,0.08382737636566162,0.19182881712913513,0.24293673038482666,0.5928046703338623,0.7662855982780457,0.4789898991584778,0.28067445755004883,0.556658923625946,0.4833676815032959,0.4358011484146118,0.2615683972835541,0.14228034019470215,0.42053866386413574,0
0.266,0.202,0.276,0.295,0.342,0.643,0.448,0.27,0.568,0.454,0.033,0.863,0.942,0.444,0.331,0.054,0.321,0.101,0.329,0.689,0.69,0.78,0.288,0.215,1
0.257,0.683,0.481,0.289,0.254,0.532,0.238,0.327,0.472,0.385,0.133,0.49,0.445,0.333,0.532,0.125,0.691,0.294,0.596,0.683,0.68,0.78,0.564,0.447,1
0.31,0.529,0.318,0.091,0.181,0.558,0.247,0.513,0.211,0.011,0.2,0.196,0.104,0.111,0.476,0.338,0.543,0.215,0.503,0.568,0.566,0.614,0.213,0.379,1
0.35,0.304,0.303,0.304,0.409,0.49,0.269,0.241,0.573,0.493,0.167,0.647,0.601,0.556,0.489,0.156,0.509,0.216,0.492,0.59,0.586,0.23,0.173,0.32,1
0.29,0.388,0.307,0.331,0.343,0.675,0.411,0.442,0.489,0.292,0.267,0.353,0.405,0.444,0.342,0.418,0.381,0.117,0.348,0.823,0.821,0.73,0.268,0.205,
0.200185403,0.796441257,0.415714413,0.304686457,0.250639886,0.49562192,0.329812258,0.606082737,0.437575728,0.120424107,0.418141693,0.061503548,0.226246774,0.268246055,0.630508661,0.780767858,0.452845484,0.326389313,0.518116295,0.542655945,0.470901459,0.265535593,0.127155945,0.455845565,
0.277282804,0.563484609,0.396839797,0.478265971,0.377426326,0.525553584,0.281593084,0.386998892,0.6567626,0.489447922,0.156202435,0.529232025,0.558466315,0.371945709,0.517680943,0.122654043,0.564068317,0.263336271,0.523480713,0.713267386,0.688915968,0.392394662,0.166842312,0.326722562,
0.24683986604213715,0.8125821352005005,0.49157118797302246,0.30497026443481445,0.26220643520355225,0.40172868967056274,0.33455365896224976,0.48769259452819824,0.48134487867355347,0.18076759576797485,0.4718554615974426,0.09194742888212204,0.21085603535175323,0.27266842126846313,0.6798568367958069,0.7501352429389954,0.5743616223335266,0.398876428604126,0.6477897763252258,0.4350390136241913,0.38347798585891724,0.19308353960514069,0.12898346781730652,0.5129128694534302,0
0.375,0.761,0.793,0.462,0.32,0.234,0.534,0.368,0.507,0.484,0.333,0.49,0.434,0.222,0.815,0.079,0.684,0.596,0.815,0.584,0.572,0.567,0.531,0.715,1
0.3139910399913788,0.609947144985199,0.4260464608669281,0.5541388392448425,0.28863054513931274,0.5281912088394165,0.19518089294433594,0.37988442182540894,0.6953333616256714,0.6359050869941711,0.2637369930744171,0.4063374400138855,0.51101154088974,0.44959238171577454,0.5272989869117737,0.29048508405685425,0.6914089322090149,0.3480251729488373,0.5937741994857788,0.5641266703605652,0.5664023756980896,0.18805426359176636,0.10897377133369446,0.38407576084136963,0
0.293584406,0.489154726,0.31056276,0.311676741,0.360926092,0.624741375,0.478855759,0.530212462,0.411373228,0.174187973,0.245466396,0.291775614,0.368491918,0.31558159,0.400198996,0.279349238,0.342366606,0.146831334,0.32401678,0.743546247,0.727804482,0.547538579,0.242995277,0.285997003,
0.242,0.711,0.32,0.1,0.189,0.509,0.693,0.491,0.211,0.043,0.6,0.039,0.0,0.0,0.558,0.987,0.131,0.154,0.422,0.628,0.625,0.352,0.492,0.424,1
0.255,0.374,0.129,0.141,0.186,0.861,0.395,0.476,0.288,0.094,0.467,0.02,0.117,0.222,0.172,0.781,0.244,0.045,0.186,0.842,0.846,0.821,0.313,0.078,
0.273,0.612,0.604,0.228,0.776,0.316,0.742,0.399,0.428,0.254,0.267,0.392,0.266,0.333,0.71,0.068,0.329,0.296,0.541,0.315,0.312,0.738,0.595,0.502,
0.283554345369339,0.678180992603302,0.3697103261947632,0.3615214228630066,0.24515970051288605,0.5504854321479797,0.2804320752620697,0.45400404930114746,0.5259169936180115,0.24330157041549683,0.4325975477695465,0.1136840209364891,0.2414967268705368,0.3026619851589203,0.5295202732086182,0.7309027910232544,0.5232988595962524,0.2730827033519745,0.5302369594573975,0.4741898477077484,0.45576345920562744,0.24878989160060883,0.13607314229011536,0.37812209129333496,0
0.397,0.563,0.381,0.362,0.256,0.429,0.291,0.155,0.635,0.639,0.467,0.471,0.538,0.667,0.598,0.114,0.556,0.307,0.607,0.571,0.567,0.689,0.717,0.559,1
0.284,0.813,0.749,0.291,0.384,0.154,0.396,0.518,0.404,0.173,0.567,0.275,0.261,0.444,0.898,0.226,0.774,0.772,0.906,0.536,0.518,0.311,0.202,0.836,
0.405,0.555,0.318,0.086,0.297,0.714,0.341,0.442,0.27,0.087,0.133,0.294,0.162,0.111,0.342,0.207,0.455,0.132,0.368,0.617,0.618,0.754,0.23,0.271,1
0.475,0.671,0.423,0.397,0.287,0.398,0.649,0.478,0.466,0.306,0.4,0.255,0.434,0.111,0.649,0.19,0.26,0.248,0.544,0.898,0.883,0.746,0.274,0.601,1
0.313,0.516,0.369,0.161,0.45,0.544,0.448,0.354,0.388,0.248,0.033,0.51,0.498,0.222,0.486,0.187,0.4,0.189,0.467,0.461,0.461,0.624,0.204,0.298,1
0.263720542,0.334570169,0.272660583,0.364315003,0.383000553,0.672789812,0.316175491,0.378668636,0.526067376,0.375443012,0.073017299,0.686754704,0.587162971,0.251594782,0.337792188,0.03021236,0.364165545,0.101269417,0.33984223,0.884022355,0.887713194,0.557042658,0.164306074,0.191215321,
0.31023460626602173,0.4547410309314728,0.25019046664237976,0.2545076608657837,0.3063185214996338,0.6825626492500305,0.46762603521347046,0.5210309028625488,0.3788602352142334,0.11637382954359055,0.37115830183029175,0.13436129689216614,0.20904994010925293,0.25470584630966187,0.3451884984970093,0.5753699541091919,0.26621344685554504,0.10968869924545288,0.3022210896015167,0.6565709114074707,0.6546357870101929,0.5526432394981384,0.24667145311832428,0.22927522659301758,0
0.29401805996894836,0.5386232137680054,0.37531778216362,0.3744197189807892,0.35129955410957336,0.5590924620628357,0.36725541949272156,0.46403297781944275,0.5143232345581055,0.30490127205848694,0.24252553284168243,0.3536876142024994,0.39062660932540894,0.3202268183231354,0.49023693799972534,0.2537969648838043,0.47951647639274597,0.21061643958091736,0.47744640707969666,0.6772259473800659,0.6749600768089294,0.3850232660770416,0.18436303734779358,0.3289656937122345,0
0.28983622789382935,0.40457597374916077,0.2898843586444855,0.3424350619316101,0.35321420431137085,0.6404778361320496,0.43471309542655945,0.4272238612174988,0.5165123343467712,0.27229374647140503,0.14737288653850555,0.51285719871521,0.4832337498664856,0.29635775089263916,0.3789556622505188,0.10017982870340347,0.33586210012435913,0.09394576400518417,0.3483818769454956,0.8101727366447449,0.7900826930999756,0.6113532781600952,0.2281496822834015,0.23014505207538605,0
0.267915636,0.346463978,0.168821037,0.160248935,0.274336308,0.779000521,0.564844131,0.604465663,0.222101882,0.040420838,0.332420379,0.072477423,0.136758551,0.178460211,0.236947551,0.594552696,0.13100642,0.039228324,0.162318051,0.79451704,0.790758967,0.693842709,0.244594738,0.152794167,
0.35,0.597,0.647,0.599,0.439,0.338,0.276,0.319,0.666,0.653,0.533,0.51,0.613,0.444,0.687,0.034,0.798,0.479,0.746,0.564,0.557,0.614,0.648,0.645,1
0.2277297079563141,0.8858373761177063,0.6889568567276001,0.3108634352684021,0.39121654629707336,0.21424686908721924,0.4706380367279053,0.5087171792984009,0.4349387586116791,0.20807276666164398,0.4848567843437195,0.25635820627212524,0.29853367805480957,0.3489539623260498,0.8531465530395508,0.3083726763725281,0.6968556642532349,0.6562157869338989,0.7873841524124146,0.4837448298931122,0.46124401688575745,0.22958235442638397,0.2342740148305893,0.7414423823356628,0
0.317,0.63,0.253,0.175,0.227,0.565,0.549,0.549,0.27,0.042,0.4,0.137,0.307,0.222,0.491,0.496,0.207,0.145,0.406,0.674,0.669,0.624,0.228,0.407,1
0.2962241470813751,0.21671448647975922,0.0774054154753685,0.1318052113056183,0.21599198877811432,0.8848444819450378,0.569998025894165,0.5644830465316772,0.2348119169473648,0.023029709234833717,0.41013380885124207,0.038137830793857574,0.08964061737060547,0.16069665551185608,0.11792609840631485,0.7407728433609009,0.0651693046092987,0.013808072544634342,0.0813019871711731,0.7807984352111816,0.7879326939582825,0.8338223099708557,0.28625941276550293,0.0654229074716568,0
0.174646899,0.942266107,0.735591352,0.287714988,0.336144626,0.177896276,0.463085145,0.519897997,0.394848168,0.17958571,0.530233204,0.312057346,0.335992336,0.369982123,0.860477269,0.241938636,0.754420877,0.738211811,0.870045185,0.469997853,0.467781007,0.140842438,0.150043249,0.779956102,
0.441,0.791,0.622,0.0,0.228,0.416,0.035,0.439,0.016,0.018,0.267,0.216,0.151,0.0,0.658,0.333,1.0,0.528,0.777,0.304,0.304,0.0,0.094,0.587,1
0.315243721,0.373894423,0.301510096,0.353444844,0.426196128,0.681335866,0.438125998,0.468426287,0.475500524,0.305317074,0.16218482,0.553193271,0.487203002,0.330898076,0.333683372,0.085991777,0.357941002,0.1201239,0.32643193,0.820523739,0.809595525,0.613379538,0.260852396,0.226944819,
0.2895367741584778,0.6111351251602173,0.29406845569610596,0.2957950830459595,0.23211240768432617,0.6244090795516968,0.33171093463897705,0.4822548031806946,0.464775025844574,0.157585009932518,0.4571976959705353,0.07719619572162628,0.19094951450824738,0.2692930996417999,0.4290398955345154,0.7831827402114868,0.38807469606399536,0.17634345591068268,0.4130743741989136,0.5142220854759216,0.4894886314868927,0.3331322968006134,0.1517687290906906,0.2931194603443146,0
0.29545480012893677,0.17052938044071198,0.05316261574625969,0.14572227001190186,0.16925841569900513,0.9202485680580139,0.48799896240234375,0.5349062085151672,0.2680684030056,0.026506366208195686,0.41930776834487915,0.02963952161371708,0.08454863727092743,0.17228318750858307,0.07818190008401871,0.7772215604782104,0.05673947557806969,0.008932803757488728,0.05830397456884384,0.7913641333580017,0.8017681241035461,0.8335666060447693,0.23486660420894623,0.04243766516447067,0
0.228,0.143,0.0,0.108,0.146,0.992,0.445,0.508,0.259,0.031,0.433,0.039,0.064,0.111,0.007,0.806,0.086,0.0,0.0,0.896,0.906,0.787,0.286,0.021,
0.2577594220638275,0.7367757558822632,0.4658571481704712,0.32110685110092163,0.30844083428382874,0.4423404335975647,0.36136481165885925,0.49073174595832825,0.46702831983566284,0.2015993744134903,0.40200871229171753,0.16131198406219482,0.25281620025634766,0.2871395945549011,0.6471114754676819,0.5663749575614929,0.5614415407180786,0.3513850271701813,0.6106253266334534,0.5131022930145264,0.501185417175293,0.26543912291526794,0.16721519827842712,0.4781205654144287,0
0.30214911699295044,0.450271338224411,0.3091028928756714,0.29389357566833496,0.37093815207481384,0.6243076324462891,0.4758387804031372,0.5017463564872742,0.41998812556266785,0.18061445653438568,0.23782354593276978,0.3104918301105499,0.33164408802986145,0.2733926475048065,0.40805500745773315,0.24925021827220917,0.32664138078689575,0.12735366821289062,0.3612256646156311,0.7383625507354736,0.7349407076835632,0.5490655303001404,0.243050217628479,0.26153939962387085,0
0.304,0.761,0.835,0.208,0.341,0.048,0.811,0.404,0.305,0.231,0.933,0.294,0.266,0.222,0.982,0.26,0.464,0.691,0.867,0.11,0.101,0.722,0.73,0.91,1
0.3289934992790222,0.37685757875442505,0.2914236783981323,0.32020458579063416,0.3957040011882782,0.6450566053390503,0.5273085832595825,0.4439980983734131,0.467637836933136,0.23502297699451447,0.1821802854537964,0.5213755965232849,0.4660411775112152,0.30634522438049316,0.3553079068660736,0.12136844545602798,0.27476298809051514,0.09951288998126984,0.3144404888153076,0.7974793314933777,0.777478814125061,0.7130917310714722,0.3428060710430145,0.24449996650218964,0
0.32708659768104553,0.27788132429122925,0.20166973769664764,0.27862465381622314,0.37102967500686646,0.742438554763794,0.5401625037193298,0.48747462034225464,0.4129939675331116,0.168791264295578,0.19416214525699615,0.4009207487106323,0.3752254843711853,0.2864874005317688,0.24874742329120636,0.1453857719898224,0.1949685662984848,0.05669249966740608,0.2104382961988449,0.8317397832870483,0.8253235816955566,0.7474645376205444,0.317981094121933,0.1541697084903717,0
0.257,0.411,0.116,0.14,0.3,0.877,0.441,0.463,0.256,0.108,0.433,0.059,0.133,0.222,0.166,0.606,0.19,0.037,0.16,0.834,0.838,0.821,0.306,0.079,1
0.204,0.658,0.828,0.233,0.401,0.368,0.335,0.546,0.216,0.093,0.3,0.196,0.133,0.0,0.673,0.367,0.899,0.52,0.764,0.374,0.371,0.075,0.079,0.576,1
0.28982794284820557,0.2965724468231201,0.1062408834695816,0.17056922614574432,0.208954855799675,0.8449999690055847,0.47930726408958435,0.542384147644043,0.29823824763298035,0.041444264352321625,0.42424291372299194,0.04281158372759819,0.10821980983018875,0.1893339604139328,0.1650368571281433,0.7604783177375793,0.11435524374246597,0.026488857343792915,0.1281042993068695,0.7226037383079529,0.7252027988433838,0.7102377414703369,0.22075589001178741,0.09273833781480789,0
0.39,0.767,0.557,0.214,0.555,0.287,0.554,0.457,0.397,0.176,0.233,0.49,0.451,0.333,0.769,0.089,0.463,0.428,0.708,0.815,0.796,0.492,0.232,0.71,1
0.304,0.429,0.381,0.329,0.257,0.567,0.249,0.455,0.434,0.275,0.2,0.275,0.498,0.333,0.447,0.499,0.595,0.22,0.503,0.79,0.784,0.476,0.136,0.225,1
0.339,0.355,0.196,0.207,0.284,0.857,0.447,0.522,0.297,0.098,0.233,0.118,0.151,0.222,0.172,0.451,0.252,0.045,0.188,0.93,0.932,0.746,0.233,0.095,1
0.554,0.27,0.108,0.168,0.202,0.881,0.459,0.478,0.295,0.115,0.333,0.157,0.208,0.222,0.132,0.488,0.166,0.027,0.126,0.748,0.755,0.813,0.316,0.03,1
0.224,0.635,0.607,0.255,0.291,0.363,0.154,0.547,0.188,0.11,0.533,0.137,0.168,0.0,0.673,0.341,0.876,0.497,0.758,0.14,0.142,0.057,0.174,0.566,1
0.514,0.53,0.16,0.156,0.269,0.611,0.477,0.531,0.221,0.045,0.367,0.157,0.52,0.222,0.429,0.293,0.194,0.114,0.349,0.791,0.786,0.705,0.252,0.354,1
0.30096218,0.54537636,0.317458451,0.40445441,0.317346334,0.556879938,0.29783833,0.394694537,0.604609966,0.365144014,0.242294833,0.284573406,0.390475839,0.309533536,0.470575243,0.333022118,0.487790585,0.209732667,0.469557017,0.628587604,0.653643668,0.430536032,0.174582198,0.300179243,
0.328,0.529,0.159,0.363,0.098,0.698,0.386,0.507,0.51,0.245,0.667,0.039,0.157,0.111,0.351,0.8,0.278,0.106,0.33,0.415,0.421,0.829,0.634,0.305,1
0.277,0.659,0.747,0.378,0.31,0.175,0.433,0.611,0.162,0.141,0.633,0.118,0.144,0.0,0.847,0.722,0.738,0.651,0.847,0.424,0.413,0.0,0.153,0.739,1
0.217,0.369,0.14,0.218,0.317,0.792,0.549,0.528,0.283,0.101,0.433,0.098,0.208,0.333,0.233,0.476,0.11,0.04,0.17,0.623,0.629,0.648,0.237,0.115,
0.27416107058525085,0.7553760409355164,0.5723583102226257,0.39285188913345337,0.3876034915447235,0.33476492762565613,0.43558403849601746,0.4211476147174835,0.5498925447463989,0.36459648609161377,0.3000454306602478,0.5054228901863098,0.48789307475090027,0.3940744698047638,0.7153759598731995,0.14011411368846893,0.6060457229614258,0.43961820006370544,0.666432797908783,0.6256883144378662,0.5849681496620178,0.3819044828414917,0.26485660672187805,0.5861251354217529,0
0.364,0.852,0.382,0.15,0.316,0.444,0.423,0.44,0.342,0.143,0.167,0.549,0.531,0.222,0.646,0.07,0.434,0.304,0.606,0.571,0.561,0.713,0.235,0.534,1
0.3189012408256531,0.2922787368297577,0.21980290114879608,0.31850147247314453,0.3595958650112152,0.7244743704795837,0.4864722490310669,0.44320249557495117,0.47706037759780884,0.23319107294082642,0.15117397904396057,0.5002043843269348,0.462321013212204,0.30037161707878113,0.26814502477645874,0.09334613382816315,0.23417223989963531,0.0576448030769825,0.23827765882015228,0.8438155055046082,0.8325706720352173,0.7224903106689453,0.2763267457485199,0.1625734269618988,0
0.217420205,0.835350513,0.573169053,0.277513355,0.364209771,0.341616005,0.489397019,0.63541013,0.34125194,0.136460409,0.423684418,0.232471719,0.347085565,0.351272076,0.709890425,0.43552646,0.567099571,0.56995815,0.607983887,0.563104749,0.554724216,0.245194554,0.211102992,0.625255167,
0.288906455039978,0.9167553186416626,0.7662555575370789,0.15699222683906555,0.5484689474105835,0.14538848400115967,0.7630429863929749,0.5708610415458679,0.2508273422718048,0.053279977291822433,0.5593411326408386,0.2358890175819397,0.1745554506778717,0.24623535573482513,0.8715185523033142,0.3121429681777954,0.41282764077186584,0.6685411334037781,0.7920365333557129,0.427685022354126,0.4308397173881531,0.5598554015159607,0.6123211979866028,0.849227786064148,0
0.225,0.473,0.368,0.191,0.287,0.433,0.289,0.426,0.368,0.192,0.133,0.333,0.307,0.222,0.576,0.408,0.546,0.29,0.588,0.742,0.733,0.713,0.226,0.398,1
0.259,0.527,0.481,0.585,0.387,0.513,0.3,0.158,0.926,0.821,0.133,0.843,0.48,0.556,0.516,0.06,0.633,0.268,0.569,0.632,0.627,0.64,0.193,0.325,
0.2933065891265869,0.24086104333400726,0.08120011538267136,0.13531455397605896,0.20449452102184296,0.8790279030799866,0.5464230179786682,0.5597953200340271,0.24426919221878052,0.02401377074420452,0.44078755378723145,0.032608117908239365,0.08460406959056854,0.16282348334789276,0.125507652759552,0.7934170961380005,0.07218961417675018,0.016010476276278496,0.0893418937921524,0.7519713044166565,0.7578200697898865,0.8090173006057739,0.2706266939640045,0.0708247646689415,0
0.24150335788726807,0.8159471154212952,0.5803766846656799,0.27357590198516846,0.378808856010437,0.31611713767051697,0.48031049966812134,0.5406134128570557,0.38471290469169617,0.1499711573123932,0.45407313108444214,0.1854754090309143,0.23984338343143463,0.2955112159252167,0.7670043706893921,0.40971410274505615,0.5840867757797241,0.48251956701278687,0.6846305727958679,0.5268200039863586,0.5191692113876343,0.2785399258136749,0.2215549498796463,0.6133784651756287,0
0.317,0.62,0.256,0.351,0.164,0.646,0.237,0.476,0.413,0.27,0.3,0.255,0.307,0.333,0.417,0.599,0.499,0.177,0.449,0.186,0.194,0.098,0.096,0.26,
0.302950978,0.359044969,0.138674349,0.195109874,0.236478046,0.797590137,0.423527837,0.4845303,0.358287752,0.086284466,0.48913309,0.037414663,0.085162811,0.181313008,0.231878951,0.809400439,0.184167877,0.036334176,0.223992109,0.627521753,0.670434117,0.690596282,0.229958758,0.11797829,
0.364,0.533,0.686,0.214,0.303,0.16,0.681,0.329,0.295,0.32,0.667,0.275,0.221,0.444,0.833,0.189,0.456,0.484,0.75,0.314,0.306,0.894,0.799,0.776,1
0.297094673,0.455970496,0.283050567,0.288956165,0.356567383,0.667356849,0.491180837,0.542977273,0.394537836,0.146528229,0.279543966,0.22189112,0.300169051,0.303148597,0.354100764,0.351869047,0.294946373,0.114134893,0.301080793,0.741407752,0.715611935,0.580195069,0.250859201,0.247768268,
0.29121118783950806,0.47156402468681335,0.29693084955215454,0.26009219884872437,0.35497236251831055,0.6292470097541809,0.4917246401309967,0.5209404826164246,0.38234326243400574,0.13166914880275726,0.28038331866264343,0.22648973762989044,0.2672823965549469,0.24623969197273254,0.4133248031139374,0.3602907359600067,0.3056105077266693,0.12410153448581696,0.3562508821487427,0.7105073928833008,0.7083871364593506,0.5527180433273315,0.2484707087278366,0.26307421922683716,0
0.266,0.147,0.083,0.313,0.236,1.0,0.467,0.55,0.354,0.156,0.233,0.216,0.277,0.222,0.0,0.438,0.137,0.003,0.017,0.912,0.922,0.803,0.292,0.009,1
0.2941999137401581,0.34650179743766785,0.17075951397418976,0.1431773155927658,0.3193339407444,0.7613528370857239,0.6350752115249634,0.5901439189910889,0.2312292754650116,0.03105953335762024,0.3378901481628418,0.08238290250301361,0.13014870882034302,0.1645555943250656,0.25621503591537476,0.5584053993225098,0.11244884133338928,0.038048382848501205,0.17082007229328156,0.7724413871765137,0.7648816108703613,0.7676289081573486,0.31628769636154175,0.14682412147521973,0
0.364,0.669,0.338,0.642,0.266,0.593,0.384,0.345,0.852,0.659,0.4,0.275,0.664,0.444,0.475,0.293,0.433,0.2,0.477,0.652,0.648,0.606,0.186,0.282,
0.248,0.392,0.272,0.295,0.388,0.693,0.556,0.505,0.369,0.191,0.233,0.333,0.33,0.333,0.326,0.247,0.217,0.082,0.284,0.884,0.881,0.803,0.296,0.192,1
0.284,0.346,0.051,0.11,0.216,1.0,0.471,0.501,0.25,0.041,0.433,0.02,0.058,0.111,0.042,0.893,0.106,0.007,0.033,0.777,0.787,0.78,0.277,0.063,
0.32116934657096863,0.5603015422821045,0.39192649722099304,0.1824108362197876,0.4429999887943268,0.5162123441696167,0.6821430921554565,0.5362821817398071,0.28449928760528564,0.06303815543651581,0.26689475774765015,0.2798852324485779,0.2413405328989029,0.20782601833343506,0.5272791385650635,0.22388209402561188,0.21913042664527893,0.12640194594860077,0.40442362427711487,0.7237827777862549,0.7249926328659058,0.7594829201698303,0.4682139754295349,0.40758246183395386,0
0.303508192,0.293486118,0.116282918,0.16181919,0.237610757,0.829175174,0.48683092,0.506637633,0.29016906,0.058555331,0.434567839,0.041008029,0.083499059,0.158977479,0.185600668,0.741624832,0.132322848,0.022831619,0.169389024,0.715555608,0.755334258,0.751538634,0.23990877,0.098959006,
0.299,0.341,0.227,0.241,0.332,0.687,0.449,0.529,0.348,0.119,0.167,0.333,0.261,0.222,0.321,0.221,0.278,0.091,0.305,0.827,0.825,0.098,0.148,0.153,
0.508,0.585,0.544,0.774,0.518,0.49,0.175,0.329,0.837,0.788,0.467,0.255,0.567,0.222,0.549,0.345,0.803,0.348,0.642,0.626,0.62,0.409,0.369,0.343,
0.3170507252216339,0.599301278591156,0.44434335827827454,0.5585789084434509,0.3202095627784729,0.5086736679077148,0.21208934485912323,0.387599915266037,0.6899123191833496,0.6469862461090088,0.2572633624076843,0.47658470273017883,0.534055233001709,0.4532901644706726,0.5405511260032654,0.24975143373012543,0.697993278503418,0.3796047568321228,0.6073557734489441,0.5723975896835327,0.5807751417160034,0.20469103753566742,0.12973858416080475,0.40198713541030884,0
0.299,0.53,0.262,0.182,0.346,0.702,0.657,0.486,0.314,0.118,0.267,0.118,0.214,0.222,0.348,0.474,0.114,0.069,0.257,0.893,0.889,0.567,0.164,0.206,
0.437,0.623,0.62,0.036,0.29,0.224,0.772,0.393,0.125,0.1,0.333,0.314,0.168,0.0,0.795,0.381,0.316,0.393,0.672,0.261,0.256,0.163,0.343,0.65,1
0.3355991244316101,0.6258175373077393,0.46713903546333313,0.13427063822746277,0.4965108036994934,0.4361729919910431,0.7742016315460205,0.5675846338272095,0.21465685963630676,0.03223796188831329,0.33584240078926086,0.26054421067237854,0.18172456324100494,0.1713028997182846,0.6179904937744141,0.2802141308784485,0.188243567943573,0.17086061835289001,0.4678170084953308,0.659031093120575,0.6818681955337524,0.8400745391845703,0.6694739460945129,0.5436612963676453,0
0.2466433048248291,0.889110803604126,0.6799712777137756,0.20377537608146667,0.4198852479457855,0.21704567968845367,0.5906059145927429,0.5981075167655945,0.3080921769142151,0.08571531623601913,0.5565914511680603,0.12107329070568085,0.16978633403778076,0.26381367444992065,0.8341271877288818,0.5314387679100037,0.5570425987243652,0.6044248342514038,0.7478979825973511,0.44725990295410156,0.42492830753326416,0.27077510952949524,0.27990269660949707,0.7317116856575012,0
0.288,0.155,0.248,0.31,0.25,0.675,0.488,0.468,0.448,0.245,0.067,0.412,0.283,0.222,0.292,0.156,0.26,0.079,0.28,0.714,0.716,0.435,0.156,0.196,1
0.246,0.409,0.295,0.504,0.295,0.574,0.76,0.668,0.389,0.183,0.467,0.176,0.208,0.222,0.437,0.512,0.048,0.081,0.281,0.684,0.681,0.656,0.298,0.331,1
0.291059792,0.573421896,0.355294257,0.420702368,0.34028542,0.526396275,0.30142051,0.411264598,0.600847721,0.394906402,0.206697583,0.379965812,0.472909421,0.328890294,0.508737922,0.241198584,0.528026879,0.26119867,0.482377976,0.656267941,0.676955342,0.403241873,0.175481588,0.340070784,
0.463,0.565,0.598,0.196,0.292,0.122,0.719,0.346,0.304,0.286,0.4,0.451,0.261,0.667,0.874,0.244,0.345,0.444,0.715,0.314,0.305,0.992,0.911,0.784,1
0.3061482012271881,0.33645135164260864,0.2564971148967743,0.41189566254615784,0.3380761444568634,0.6834864020347595,0.37970539927482605,0.3791244626045227,0.5992762446403503,0.40688201785087585,0.11933073401451111,0.6407545208930969,0.5914533734321594,0.35142821073532104,0.31444618105888367,0.0581008717417717,0.3449309468269348,0.07874765247106552,0.3120037913322449,0.838847279548645,0.8194962739944458,0.6306432485580444,0.216241255402565,0.19051097333431244,0
0.268,0.851,0.66,0.154,0.628,0.247,0.455,0.492,0.249,0.088,0.6,0.118,0.018,0.222,0.822,0.484,0.643,0.581,0.804,0.486,0.475,0.246,0.399,0.694,
0.35,0.627,0.909,0.492,0.272,0.0,0.546,0.47,0.409,0.394,0.667,0.176,0.336,0.222,0.996,0.015,0.772,0.948,0.979,0.373,0.358,0.713,0.805,1.0,1
0.131,0.752,0.7,0.07,0.666,0.395,0.138,0.359,0.209,0.166,0.3,0.255,0.272,0.111,0.669,0.595,0.971,0.535,0.779,0.241,0.242,0.033,0.119,0.525,1
0.26251018,0.572932303,0.364371747,0.388608724,0.342121452,0.549881816,0.335499227,0.469328374,0.547016025,0.280459464,0.212328136,0.298159599,0.413332343,0.324431181,0.489436537,0.28755486,0.451639563,0.22634539,0.451303542,0.696164548,0.660899818,0.397163481,0.170640409,0.322568655,
0.2838994860649109,0.5525014996528625,0.3657955229282379,0.3825395703315735,0.3282133638858795,0.5647225975990295,0.3347131013870239,0.45796680450439453,0.5295267701148987,0.3107014298439026,0.26043179631233215,0.31832748651504517,0.37175819277763367,0.31910625100135803,0.4911084771156311,0.3075607717037201,0.5025867819786072,0.21875277161598206,0.4889317750930786,0.6519759297370911,0.6520354747772217,0.3512570261955261,0.16779835522174835,0.3258655369281769,0
0.2433445006608963,0.8093810677528381,0.4608702063560486,0.17202109098434448,0.2803099751472473,0.4103948473930359,0.4985114634037018,0.5663433074951172,0.3367202579975128,0.05770321935415268,0.49101683497428894,0.04623197019100189,0.12620572745800018,0.18204788863658905,0.6387336254119873,0.8268704414367676,0.36848771572113037,0.2757537364959717,0.5594351291656494,0.47752586007118225,0.39750030636787415,0.30367928743362427,0.169951930642128,0.47327467799186707,0
0.3051614761352539,0.4104401469230652,0.21182332932949066,0.22444304823875427,0.2950899302959442,0.7219805121421814,0.4942304790019989,0.5339028835296631,0.3460965156555176,0.08659107983112335,0.3662131428718567,0.11238308995962143,0.18470200896263123,0.2320079207420349,0.30037426948547363,0.5836434364318848,0.21305693686008453,0.0771636813879013,0.24926531314849854,0.6909151077270508,0.6881042718887329,0.6102991104125977,0.25034099817276,0.18935322761535645,0
0.262,0.0,0.089,0.12,0.256,0.961,0.512,0.501,0.247,0.049,0.433,0.039,0.093,0.222,0.004,0.969,0.101,0.001,0.005,0.89,0.9,0.697,0.257,0.0,
0.25906822085380554,0.686185896396637,0.39301612973213196,0.31486669182777405,0.2721140384674072,0.5230596661567688,0.3269718885421753,0.4758487641811371,0.4787292182445526,0.18826520442962646,0.38545262813568115,0.12991949915885925,0.23359203338623047,0.26092424988746643,0.5722522735595703,0.6685744524002075,0.5178893208503723,0.26600050926208496,0.5556739568710327,0.5091275572776794,0.49856922030448914,0.2826172411441803,0.15012909471988678,0.4004972577095032,0
0.286872983,0.763097227,0.536455393,0.41611129,0.364944041,0.414637148,0.440647036,0.543784678,0.509384811,0.273995996,0.441742331,0.257164866,0.368393153,0.436281532,0.657045782,0.497314692,0.587704837,0.466999084,0.592011273,0.509961605,0.445664942,0.33748877,0.254335284,0.537248731,
0.269257933,0.674827576,0.36871931,0.404508293,0.27422747,0.518721759,0.262951583,0.461717993,0.60122329,0.280262262,0.39892751,0.099445,0.254181594,0.309458852,0.556173861,0.746587157,0.500337899,0.296050102,0.535438001,0.479800612,0.444763213,0.319649935,0.156469285,0.361786932,
0.31704190373420715,0.3204813301563263,0.1854739934206009,0.21793638169765472,0.32845616340637207,0.756472647190094,0.5465565323829651,0.5409365296363831,0.32721298933029175,0.08447613567113876,0.2993214726448059,0.162892147898674,0.21571694314479828,0.23282445967197418,0.24892696738243103,0.40128093957901,0.16733689606189728,0.05357115715742111,0.19584518671035767,0.7714534997940063,0.7716261744499207,0.7059128284454346,0.28720763325691223,0.15110333263874054,0
0.381,0.226,0.298,0.302,0.139,0.477,0.302,0.558,0.404,0.137,0.433,0.196,0.157,0.333,0.485,0.636,0.474,0.209,0.498,0.518,0.517,0.764,0.316,0.338,
0.33,0.465,0.219,0.183,0.442,0.751,0.341,0.501,0.356,0.101,0.2,0.275,0.243,0.222,0.29,0.176,0.371,0.1,0.304,0.877,0.875,0.754,0.219,0.2,1
0.323976964,0.382864326,0.231335223,0.318532735,0.34436959,0.704710305,0.409734219,0.430365026,0.494983405,0.243359372,0.250424564,0.268965602,0.306907237,0.285962731,0.305317432,0.263866961,0.320066631,0.081115849,0.322884649,0.735968947,0.747453332,0.626556993,0.230936944,0.186117038,
0.3249712288379669,0.5261713862419128,0.42592722177505493,0.5680356025695801,0.35413670539855957,0.5265138149261475,0.27642759680747986,0.304600328207016,0.7339752912521362,0.7091450095176697,0.14645160734653473,0.7705127000808716,0.7266125082969666,0.46718940138816833,0.49489733576774597,0.06578730046749115,0.601168155670166,0.2794354259967804,0.555880606174469,0.7129141688346863,0.6773661971092224,0.41889646649360657,0.2067534178495407,0.38073644042015076,0
0.211,0.328,0.471,1.0,0.706,0.511,0.709,1.0,0.509,0.226,0.5,0.157,0.232,0.333,0.476,0.602,0.246,0.162,0.402,0.491,0.49,0.526,0.231,0.316,1
0.208,0.306,0.114,0.291,0.23,0.83,0.462,0.585,0.434,0.098,0.3,0.255,0.277,0.333,0.186,0.4,0.169,0.039,0.163,0.704,0.71,0.764,0.278,0.089,
0.3725765645503998,0.4636366069316864,0.3589295744895935,0.3045337200164795,0.4416758716106415,0.564926028251648,0.5948514938354492,0.4365004301071167,0.4569892883300781,0.21283113956451416,0.22622454166412354,0.562940239906311,0.4342915415763855,0.3175272047519684,0.45067083835601807,0.14752693474292755,0.27858683466911316,0.16043946146965027,0.4127572774887085,0.7167150974273682,0.707905113697052,0.7772509455680847,0.5335627794265747,0.3903615474700928,0
0.239,0.708,0.436,0.587,0.565,0.552,0.215,0.0,1.0,1.0,0.033,0.882,0.734,0.444,0.519,0.138,0.673,0.282,0.585,0.419,0.418,0.091,0.09,0.298,1
0.21352814137935638,0.9227721691131592,0.751248836517334,0.3221701979637146,0.3942987620830536,0.16011567413806915,0.46310293674468994,0.5044211149215698,0.4478166401386261,0.22575326263904572,0.5356516242027283,0.2614593505859375,0.30313196778297424,0.3719511330127716,0.8981782793998718,0.30439436435699463,0.7634706497192383,0.7623935341835022,0.8439483046531677,0.4333178997039795,0.40808746218681335,0.1845717877149582,0.2332175225019455,0.811859130859375,0
0.29110691,0.477137566,0.314614356,0.32550925,0.365772873,0.633210599,0.453990251,0.518281817,0.438009351,0.191837281,0.237872675,0.296089619,0.365434855,0.318160981,0.391575754,0.267743379,0.341872841,0.142898798,0.33994028,0.749107063,0.719219148,0.538659751,0.234167159,0.272229999,
0.364,0.576,0.444,0.315,0.247,0.232,0.714,0.411,0.42,0.313,0.5,0.471,0.307,0.222,0.778,0.076,0.218,0.309,0.608,0.523,0.513,0.984,0.894,0.72,1
0.401,0.396,0.409,0.358,1.0,0.651,0.792,0.639,0.348,0.094,0.4,0.098,0.173,0.111,0.365,0.278,0.116,0.074,0.264,0.594,0.595,0.78,0.325,0.247,
0.237,1.0,0.393,0.399,0.183,0.403,0.418,0.675,0.62,0.087,0.4,0.137,0.323,0.333,0.714,0.852,0.448,0.4,0.659,0.428,0.42,0.106,0.073,0.534,
0.373,0.665,0.707,0.439,0.636,0.089,0.829,0.175,0.875,0.681,0.733,0.784,0.589,1.0,0.925,0.074,0.337,0.515,0.769,0.514,0.499,0.992,0.865,0.843,1
0.309958905,0.27629742,0.213648647,0.240559921,0.394925207,0.779255033,0.552680075,0.536572635,0.320956439,0.127597719,0.184611097,0.368113458,0.330441684,0.258054286,0.222992182,0.126522049,0.190853432,0.047666267,0.199643269,0.869402051,0.857203603,0.733526289,0.287469238,0.154383302,
0.347795993,0.612027168,0.416000664,0.591359258,0.349964172,0.491702378,0.208226278,0.304698467,0.810774028,0.704312921,0.264500201,0.392728984,0.46601963,0.431770414,0.542886555,0.292373091,0.669674158,0.331642419,0.666282713,0.504194498,0.485339403,0.350828141,0.16726613,0.350876391,
0.457,0.425,0.115,0.132,0.164,0.682,0.503,0.548,0.222,0.007,0.367,0.039,0.491,0.222,0.343,0.603,0.131,0.072,0.26,0.736,0.735,0.764,0.274,0.288,1
0.30705681443214417,0.5077369213104248,0.39875328540802,0.5957579016685486,0.32446327805519104,0.5441638231277466,0.22484956681728363,0.30275943875312805,0.7614555954933167,0.7416858077049255,0.12448190897703171,0.7647669911384583,0.7335864305496216,0.47023987770080566,0.47794193029403687,0.056903958320617676,0.6403281092643738,0.23861709237098694,0.546544075012207,0.739899754524231,0.706790566444397,0.3540092408657074,0.14868272840976715,0.3350246250629425,0
0.302,0.368,0.212,0.15,0.208,0.679,0.709,0.566,0.233,0.001,0.4,0.118,0.087,0.111,0.334,0.614,0.024,0.049,0.199,0.893,0.89,0.73,0.232,0.231,
0.355,0.681,0.275,0.232,0.299,0.744,0.289,0.423,0.375,0.23,0.367,0.216,0.29,0.333,0.341,0.733,0.467,0.149,0.378,0.407,0.413,0.0,0.07,0.206,1
0.135,0.342,0.166,0.253,0.272,0.77,0.385,0.583,0.411,0.068,0.467,0.078,0.11,0.333,0.247,0.353,0.285,0.072,0.246,0.602,0.608,0.575,0.266,0.184,
0.239,0.219,0.293,0.449,0.367,0.61,0.421,0.305,0.676,0.543,0.067,0.647,0.896,0.333,0.364,0.354,0.361,0.122,0.364,0.754,0.753,0.016,0.074,0.193,1
0.237,0.703,0.475,0.254,0.278,0.418,0.533,0.326,0.47,0.356,0.333,0.431,0.33,0.333,0.638,0.121,0.413,0.286,0.586,0.748,0.74,0.689,0.66,0.585,
0.2939469814300537,0.221665620803833,0.07545331120491028,0.13418132066726685,0.20449858903884888,0.8875600099563599,0.551466166973114,0.5596290230751038,0.24014347791671753,0.023129098117351532,0.4309101402759552,0.03372041508555412,0.084342822432518,0.16172659397125244,0.11537648737430573,0.7783055901527405,0.06651025265455246,0.014091668650507927,0.08132711797952652,0.766993522644043,0.7748271226882935,0.8259433507919312,0.27773723006248474,0.06449734419584274,0
0.182,0.439,0.248,0.141,0.247,0.612,0.104,0.454,0.312,0.119,0.1,0.529,0.456,0.111,0.409,0.09,0.614,0.195,0.46,0.916,0.909,0.591,0.211,0.295,
0.3103031814098358,0.2609740197658539,0.17167210578918457,0.20932461321353912,0.36017826199531555,0.773706316947937,0.5846683979034424,0.5463110208511353,0.31527993083000183,0.08298829197883606,0.21185530722141266,0.24014054238796234,0.2584291100502014,0.2236585021018982,0.2243923842906952,0.2067641168832779,0.14180953800678253,0.037004414945840836,0.16643556952476501,0.8455545902252197,0.8452063202857971,0.7630218863487244,0.2898007929325104,0.12381526827812195,0
0.36880067,0.560145259,0.410961032,0.634692311,0.36768955,0.499982327,0.22172159,0.245433807,0.824541092,0.794943869,0.184536427,0.66408062,0.614535749,0.453709781,0.543738842,0.095605455,0.708657265,0.286174268,0.651661634,0.595635474,0.601226926,0.437417507,0.185422465,0.334966153,
0.299,0.656,0.39,0.141,0.374,0.499,0.56,0.414,0.353,0.164,0.3,0.353,0.237,0.111,0.556,0.372,0.314,0.203,0.492,0.903,0.894,0.821,0.642,0.415,
0.375,0.542,0.692,0.359,0.401,0.163,0.78,0.473,0.368,0.281,0.533,0.412,0.312,0.444,0.832,0.152,0.37,0.439,0.716,0.398,0.389,0.992,0.986,0.832,1
0.290916175,0.208522022,0.079895429,0.111707404,0.220957801,0.883368969,0.538619936,0.53699702,0.204575077,0.028841568,0.442935199,0.02521709,0.052247997,0.117740288,0.123372473,0.779787004,0.072998881,0.010065787,0.108980954,0.779784322,0.814195275,0.820788503,0.250109851,0.062248722,
0.3441120386123657,0.7944938540458679,0.6029204726219177,0.15010547637939453,0.4952564239501953,0.29770171642303467,0.7339466214179993,0.611492931842804,0.2341107577085495,0.04388341307640076,0.4490565061569214,0.14464104175567627,0.15401777625083923,0.20198789238929749,0.7295011281967163,0.4802451431751251,0.2937551736831665,0.3463435173034668,0.6069462895393372,0.5255979299545288,0.5175610184669495,0.5963484644889832,0.5043648481369019,0.6659862399101257,0
0.341,0.796,0.442,0.452,0.221,0.316,0.465,0.568,0.536,0.252,0.267,0.373,0.451,0.333,0.749,0.458,0.447,0.409,0.686,0.412,0.402,0.049,0.095,0.585,1
0.361,0.496,0.307,0.167,0.376,0.698,0.583,0.445,0.307,0.151,0.133,0.412,0.295,0.222,0.344,0.13,0.222,0.09,0.303,0.647,0.648,0.746,0.231,0.251,1
0.184,0.451,0.391,0.596,0.26,0.533,0.095,0.147,0.946,0.842,0.067,0.804,0.515,0.444,0.482,0.008,0.746,0.274,0.576,0.793,0.786,0.311,0.129,0.283,
0.264630884,0.626747012,0.291079432,0.327799618,0.257327169,0.617183685,0.308183491,0.493160129,0.517402232,0.180607393,0.460046023,0.059170723,0.176539674,0.271825671,0.472341955,0.811950386,0.397861034,0.172127262,0.439171016,0.506923676,0.476504445,0.415788203,0.169647768,0.278415084,
0.341,0.268,0.279,0.355,0.336,0.64,0.346,0.477,0.443,0.273,0.167,0.392,0.301,0.444,0.348,0.226,0.418,0.126,0.377,0.582,0.585,0.656,0.215,0.202,1
0.441,0.671,0.231,0.181,0.35,0.692,0.311,0.496,0.278,0.106,0.233,0.255,0.29,0.333,0.386,0.283,0.409,0.143,0.396,0.669,0.668,0.754,0.229,0.253,
0.317161798,0.527490616,0.265878737,0.324155569,0.286223114,0.63139832,0.37467286,0.455669016,0.496030271,0.205838829,0.451296985,0.101310141,0.198594451,0.290507585,0.414439797,0.716647089,0.382413924,0.146173969,0.386489153,0.528163195,0.547927558,0.522772074,0.234688357,0.253101736,
0.2958686053752899,0.6263998746871948,0.40733256936073303,0.411795437335968,0.30700647830963135,0.5266956090927124,0.2966928780078888,0.4451647400856018,0.5596011281013489,0.3522129952907562,0.3301689922809601,0.2569957673549652,0.35074475407600403,0.3434223532676697,0.5358672738075256,0.46736738085746765,0.5672892332077026,0.3014889061450958,0.5511341094970703,0.5513164401054382,0.547966718673706,0.2773064970970154,0.1597757339477539,0.38897958397865295,0
0.2949927747249603,0.5466619729995728,0.3923216164112091,0.42415931820869446,0.3458755910396576,0.5444219708442688,0.326312392950058,0.4306853711605072,0.5741451382637024,0.40163010358810425,0.21867108345031738,0.4368985891342163,0.46051231026649475,0.3518073260784149,0.5031091570854187,0.2004847377538681,0.5337907075881958,0.23358190059661865,0.5099703073501587,0.6780612468719482,0.6720790863037109,0.35655373334884644,0.1719798892736435,0.34312865138053894,0
0.605,0.667,0.682,0.401,0.232,0.168,0.451,0.628,0.366,0.141,0.667,0.078,0.104,0.111,0.855,0.91,0.666,0.619,0.826,0.1,0.096,0.467,0.599,0.749,1
1.0,0.513,0.458,0.195,0.168,0.254,0.789,0.311,0.407,0.324,0.133,0.784,0.613,0.222,0.745,0.008,0.161,0.253,0.543,0.429,0.423,0.803,0.811,0.663,1
0.277105361,0.852001905,0.603231132,0.470739901,0.350056499,0.292066723,0.327892393,0.415905297,0.64412421,0.456158906,0.377501279,0.397970676,0.483906507,0.427127123,0.755448937,0.259816527,0.743372738,0.600955904,0.793597281,0.472742707,0.464994818,0.227137983,0.162254244,0.648571968,
0.20953045785427094,0.9215589761734009,0.7476834058761597,0.35307732224464417,0.3751012086868286,0.16547192633152008,0.3985990583896637,0.4933275282382965,0.48920437693595886,0.27545714378356934,0.5216087102890015,0.26608848571777344,0.31415092945098877,0.38372236490249634,0.8961687088012695,0.3133764863014221,0.8001160621643066,0.774885356426239,0.8556107878684998,0.4153856933116913,0.4024745225906372,0.14751438796520233,0.19554513692855835,0.8053361773490906,0
0.304,0.479,0.349,0.287,0.33,0.57,0.27,0.362,0.425,0.344,0.033,0.627,0.85,0.444,0.455,0.166,0.548,0.208,0.5,0.89,0.882,0.746,0.236,0.264,1
0.31897827982902527,0.37209925055503845,0.2517513036727905,0.31310054659843445,0.34875914454460144,0.6909067034721375,0.4473894238471985,0.4926118552684784,0.4403420686721802,0.2046574056148529,0.24451978504657745,0.30511531233787537,0.3379758596420288,0.2976122498512268,0.321678102016449,0.24775277078151703,0.2936103940010071,0.09824070334434509,0.29309210181236267,0.7546088695526123,0.7589479088783264,0.5742893815040588,0.23693160712718964,0.202691912651062,0
0.203876764,0.914951503,0.691581309,0.308198571,0.355797291,0.235338256,0.487727135,0.565605342,0.390594363,0.179951981,0.507190406,0.302708775,0.362077177,0.391625524,0.816966295,0.302320898,0.702291191,0.683983862,0.799372256,0.497465283,0.475159317,0.189190358,0.185793445,0.74143362,
0.257,0.575,0.256,0.19,0.212,0.778,0.228,0.507,0.264,0.101,0.3,0.137,0.191,0.222,0.289,0.46,0.507,0.118,0.36,0.343,0.353,0.73,0.193,0.198,1
0.30686360597610474,0.4136345684528351,0.2661881446838379,0.2813473641872406,0.3474656045436859,0.6695172786712646,0.47217586636543274,0.5080742239952087,0.4069767892360687,0.15905891358852386,0.26271283626556396,0.2524937689304352,0.2955097258090973,0.26934051513671875,0.3547150790691376,0.30697914958000183,0.28734686970710754,0.10344309359788895,0.3112756907939911,0.7372201681137085,0.7372348308563232,0.5711092352867126,0.24085290729999542,0.22309638559818268,0
0.30119866132736206,0.5279082655906677,0.356425404548645,0.3994789719581604,0.3285650610923767,0.5811920762062073,0.33005931973457336,0.45005878806114197,0.5438364148139954,0.34393468499183655,0.26033324003219604,0.3343610167503357,0.39281055331230164,0.33966395258903503,0.46363571286201477,0.2936527132987976,0.49324408173561096,0.21122941374778748,0.46799662709236145,0.6553305387496948,0.6561533212661743,0.3604655861854553,0.1719096302986145,0.3134913742542267,0
0.2900356948375702,0.7413814067840576,0.5982720255851746,0.3563629984855652,0.4413330554962158,0.3289865553379059,0.5743454694747925,0.2880818843841553,0.5945240259170532,0.4036110043525696,0.14448358118534088,0.8288698196411133,0.7282116413116455,0.37644219398498535,0.7117728590965271,0.020933723077178,0.43883514404296875,0.3306255042552948,0.6584730744361877,0.7489448189735413,0.673291027545929,0.7151346802711487,0.44492411613464355,0.6394816040992737,0
0.239,0.798,0.488,0.087,0.434,0.404,0.613,0.431,0.252,0.099,0.567,0.098,0.069,0.0,0.671,0.935,0.349,0.301,0.591,0.479,0.474,0.049,0.117,0.46,
0.3253862261772156,0.4692482352256775,0.3358573615550995,0.25694015622138977,0.404247909784317,0.5942389965057373,0.5655314922332764,0.5007903575897217,0.3801186680793762,0.13700510561466217,0.2312343567609787,0.33686578273773193,0.32531023025512695,0.2562985420227051,0.4308788478374481,0.21702052652835846,0.2683785855770111,0.11881425976753235,0.361563116312027,0.7440849542617798,0.7356098294258118,0.6677754521369934,0.34005239605903625,0.3056582510471344,0
0.293,0.625,0.215,0.214,0.301,0.556,0.702,0.512,0.326,0.115,0.1,0.51,0.567,0.333,0.498,0.14,0.033,0.101,0.327,0.691,0.685,0.754,0.258,0.412,1
0.257,0.474,0.17,0.13,0.218,0.691,0.683,0.521,0.363,0.035,0.433,0.039,0.082,0.222,0.345,0.33,0.012,0.052,0.204,0.766,0.764,0.746,0.342,0.258,
0.421,0.431,0.283,0.231,0.083,0.421,0.588,0.557,0.241,0.08,0.5,0.039,0.104,0.0,0.578,0.799,0.197,0.181,0.461,0.372,0.373,0.927,0.807,0.452,1
0.2879658341407776,0.526999294757843,0.33443301916122437,0.3664906620979309,0.3094995319843292,0.598181426525116,0.33469557762145996,0.4583807587623596,0.5220608115196228,0.28600233793258667,0.25228986144065857,0.2796989977359772,0.3577902019023895,0.31092363595962524,0.4511720836162567,0.31119081377983093,0.4581751227378845,0.17272937297821045,0.44231948256492615,0.6736719012260437,0.6686313152313232,0.36773329973220825,0.15450960397720337,0.28906235098838806,0
0.28414771,0.566002965,0.369841665,0.293734223,0.358757228,0.581937194,0.555041492,0.625999033,0.332022041,0.112217568,0.297931492,0.230681896,0.346959829,0.331906378,0.458367795,0.409795374,0.324101448,0.204637244,0.310626894,0.725314736,0.676809371,0.509641647,0.271581739,0.375082433,
0.28342053294181824,0.5807437896728516,0.4044041931629181,0.35744601488113403,0.3593704104423523,0.5233623385429382,0.3892321288585663,0.46820902824401855,0.49676647782325745,0.28128287196159363,0.25938913226127625,0.3531617522239685,0.38270843029022217,0.315606027841568,0.5380070209503174,0.24550673365592957,0.49544817209243774,0.24002166092395782,0.5122778415679932,0.6640771627426147,0.6641114354133606,0.3871813118457794,0.19815240800380707,0.37086230516433716,0
0.3160330653190613,0.28928330540657043,0.2043927013874054,0.24534353613853455,0.37500593066215515,0.7366922497749329,0.5719567537307739,0.5036978125572205,0.37459009885787964,0.12759019434452057,0.18979164958000183,0.3606158494949341,0.342227578163147,0.2542736232280731,0.26093581318855286,0.15245109796524048,0.17726284265518188,0.05099870264530182,0.20849962532520294,0.8377813696861267,0.8300725221633911,0.7625907063484192,0.31973618268966675,0.15632610023021698,0
0.317,0.833,0.628,0.041,0.266,0.28,0.523,0.482,0.051,0.004,0.367,0.137,0.104,0.0,0.789,0.458,0.553,0.486,0.751,0.484,0.475,0.533,0.495,0.726,1
0.3001764416694641,0.39960500597953796,0.27036693692207336,0.27809253334999084,0.3645867109298706,0.6640210151672363,0.48934903740882874,0.5070410966873169,0.40487268567085266,0.16043561697006226,0.22183755040168762,0.3057304620742798,0.3250248432159424,0.262977659702301,0.36034366488456726,0.2213577777147293,0.2821819484233856,0.0947907567024231,0.3098255395889282,0.7725812792778015,0.7703559398651123,0.5958890914916992,0.2427140474319458,0.21890392899513245,0
0.197,0.597,0.261,0.329,0.438,0.628,0.498,0.495,0.431,0.231,0.1,0.51,0.462,0.444,0.428,0.013,0.262,0.125,0.368,0.833,0.827,0.713,0.174,0.24,1
0.0,0.9,0.82,0.214,0.307,0.169,0.38,0.369,0.436,0.275,0.633,0.314,0.266,0.333,0.902,0.281,0.851,0.832,0.933,0.454,0.437,0.083,0.112,0.815,
0.3057093620300293,0.5347316861152649,0.3621915280818939,0.646356999874115,0.25389599800109863,0.5918244123458862,0.13627450168132782,0.3423420488834381,0.7780452966690063,0.793035626411438,0.23277559876441956,0.5141909122467041,0.5882514715194702,0.5344994068145752,0.43649259209632874,0.214095339179039,0.7513847947120667,0.31517294049263,0.5641172528266907,0.5870371460914612,0.6135553121566772,0.15324997901916504,0.08072532713413239,0.2969180643558502,0
0.282,0.342,0.36,0.296,0.384,0.447,0.245,0.302,0.483,0.419,0.233,0.333,0.243,0.222,0.536,0.4,0.58,0.271,0.568,0.742,0.733,0.467,0.156,0.306,
0.31,0.556,0.429,0.796,0.357,0.576,0.31,0.623,0.599,0.477,0.167,0.49,0.503,0.222,0.466,0.107,0.58,0.218,0.512,0.662,0.658,0.394,0.223,0.291,
0.368,0.712,0.541,0.479,0.58,0.51,0.223,0.214,0.735,0.67,0.3,0.569,0.56,0.444,0.558,0.033,0.756,0.329,0.629,0.73,0.724,0.73,0.646,0.52,1
0.517,0.735,0.927,0.009,0.488,0.1,0.514,0.394,0.069,0.076,0.567,0.196,0.214,0.0,0.93,0.246,0.818,0.854,0.942,0.042,0.036,0.246,0.325,0.848,1
0.3778505027294159,0.6880960464477539,0.5737984776496887,0.25998783111572266,0.530724287033081,0.36182719469070435,0.6671838760375977,0.46757492423057556,0.3569757640361786,0.14332318305969238,0.3577140271663666,0.49002522230148315,0.3354741036891937,0.2895762622356415,0.6642972230911255,0.20082758367061615,0.33833667635917664,0.3791128695011139,0.605934202671051,0.5520197749137878,0.5943894386291504,0.7383217215538025,0.6515741944313049,0.6526790857315063,0
0.29,0.477,0.558,0.767,0.308,0.411,0.096,0.266,0.757,0.852,0.8,0.176,0.589,0.222,0.597,0.104,0.889,0.414,0.699,0.661,0.656,0.0,0.237,0.526,1
0.217,0.408,0.209,0.174,0.31,0.744,0.478,0.495,0.288,0.101,0.3,0.137,0.237,0.222,0.284,0.429,0.235,0.074,0.265,0.927,0.925,0.73,0.23,0.188,1
0.3094886541366577,0.38169386982917786,0.2519839406013489,0.31449463963508606,0.34015730023384094,0.6887792944908142,0.4320085346698761,0.4908393621444702,0.44669345021247864,0.2055758684873581,0.24008017778396606,0.2971874177455902,0.3332078158855438,0.2939675450325012,0.32699745893478394,0.2493164837360382,0.3029731214046478,0.09867602586746216,0.3002045750617981,0.7546457052230835,0.7583820819854736,0.5538625121116638,0.2200244665145874,0.20134852826595306,0
0.37,0.517,0.316,0.309,0.226,0.501,0.554,0.453,0.362,0.261,0.2,0.373,0.462,0.222,0.525,0.534,0.256,0.171,0.44,0.52,0.517,0.033,0.047,0.399,1
0.3047386109828949,0.429422527551651,0.27348363399505615,0.26718366146087646,0.3513233959674835,0.6598533987998962,0.4902750551700592,0.5167245268821716,0.38913336396217346,0.14083237946033478,0.2730163633823395,0.2337457537651062,0.27774661779403687,0.2586183547973633,0.36788564920425415,0.3351994454860687,0.2806262671947479,0.106469064950943,0.3170468807220459,0.7294907569885254,0.7276557087898254,0.5772306323051453,0.24995319545269012,0.23332847654819489,0
0.308,0.471,0.571,0.607,0.508,0.514,0.321,0.644,0.457,0.296,0.433,0.275,0.341,0.222,0.503,0.412,0.691,0.275,0.574,0.54,0.538,0.772,0.476,0.365,1
0.282,0.618,0.419,0.064,0.192,0.551,0.168,0.439,0.168,0.072,0.333,0.235,0.168,0.0,0.501,0.397,0.703,0.271,0.566,0.401,0.405,0.106,0.252,0.385,
0.302539587020874,0.35025426745414734,0.1325758397579193,0.19185486435890198,0.21585221588611603,0.8133512735366821,0.4579281508922577,0.5315084457397461,0.3254198133945465,0.0548747293651104,0.4585988223552704,0.04613028094172478,0.11927790194749832,0.20883652567863464,0.20007815957069397,0.7936412692070007,0.14663706719875336,0.04139428958296776,0.16433142125606537,0.6661342978477478,0.6664678454399109,0.6523762345314026,0.22392307221889496,0.122276172041893,0
0.463,0.585,0.654,0.44,0.319,0.092,0.694,0.397,0.44,0.433,0.833,0.137,0.318,0.444,0.905,0.124,0.417,0.541,0.779,0.299,0.289,0.852,0.894,0.898,1
0.483,0.65,0.274,0.522,0.005,0.487,0.269,0.558,0.881,0.321,0.433,0.059,0.197,0.0,0.565,1.0,0.484,0.266,0.561,0.248,0.253,0.484,0.449,0.457,1
0.131,0.424,0.27,0.529,0.393,0.59,0.638,0.706,0.353,0.162,0.233,0.353,0.352,0.222,0.425,0.093,0.139,0.099,0.311,0.747,0.743,0.598,0.233,0.285,1
0.292095602,0.200114042,0.07812728,0.106811151,0.219008237,0.880268276,0.552758157,0.541455328,0.190005735,0.026414445,0.397923708,0.029540686,0.059102871,0.110162623,0.121319629,0.733462811,0.068121441,0.009907321,0.101557307,0.805087507,0.843198121,0.823301852,0.244145483,0.065436773,
0.428,0.587,0.471,0.335,0.0,0.193,0.592,0.575,0.27,0.146,0.8,0.098,0.162,0.111,0.815,0.757,0.354,0.42,0.703,0.138,0.135,0.829,0.802,0.752,1
0.397,0.542,0.467,0.246,0.304,0.242,0.766,0.314,0.495,0.364,0.5,0.529,0.323,0.444,0.762,0.136,0.189,0.285,0.586,0.453,0.445,0.969,0.909,0.712,1
0.30645591020584106,0.5046384334564209,0.3750413954257965,0.4814032316207886,0.33364784717559814,0.5688058733940125,0.2909659147262573,0.38404572010040283,0.6438755989074707,0.5248950719833374,0.17388710379600525,0.555450975894928,0.5633621215820312,0.3949298858642578,0.46108466386795044,0.12579244375228882,0.5458770990371704,0.20623645186424255,0.4891732335090637,0.7174355983734131,0.7011584639549255,0.3736940920352936,0.16102896630764008,0.3131967782974243,0
0.2699553668498993,0.7559834718704224,0.5192582607269287,0.3480410873889923,0.34339624643325806,0.39447784423828125,0.3782738447189331,0.49116837978363037,0.4776846766471863,0.2479894459247589,0.41521507501602173,0.21289920806884766,0.2892783284187317,0.32751142978668213,0.6847246885299683,0.47785985469818115,0.6026082634925842,0.4376014471054077,0.6486126780509949,0.5058878064155579,0.49996015429496765,0.2567698359489441,0.1913510262966156,0.535481870174408,0
0.417,0.816,0.669,0.372,0.416,0.261,0.561,0.47,0.394,0.294,0.567,0.294,0.237,0.222,0.803,0.141,0.553,0.493,0.752,0.657,0.643,0.746,0.691,0.728,1
0.204,0.449,0.352,0.284,0.536,0.647,0.639,0.53,0.434,0.154,0.467,0.098,0.168,0.333,0.38,0.441,0.209,0.103,0.314,0.528,0.53,0.821,0.307,0.251,
0.30133235454559326,0.2861245274543762,0.10739914327859879,0.1641511768102646,0.2223518192768097,0.845297634601593,0.5139201879501343,0.5480441451072693,0.28194567561149597,0.038359977304935455,0.43097740411758423,0.045313749462366104,0.10861708223819733,0.18806016445159912,0.16334448754787445,0.7567057013511658,0.10529574006795883,0.026275252923369408,0.12364958971738815,0.7239508628845215,0.7286372184753418,0.7447291612625122,0.25486990809440613,0.09560614824295044,0
0.267357975,0.445035696,0.323520899,0.412446231,0.365015417,0.591466308,0.284379184,0.371510357,0.588542521,0.434940845,0.105898187,0.604874671,0.56791079,0.289591283,0.433161885,0.065769054,0.468196332,0.174505398,0.425472081,0.806588769,0.815161645,0.463056087,0.160626024,0.253688395,
0.191,0.497,0.411,0.698,0.392,0.554,0.022,0.21,0.859,0.858,0.167,0.451,0.416,0.556,0.473,0.248,0.831,0.287,0.588,0.647,0.643,0.098,0.099,0.283,
0.415,0.425,0.253,0.342,0.344,0.585,0.346,0.348,0.616,0.405,0.0,0.627,0.416,0.556,0.43,0.038,0.394,0.164,0.427,0.842,0.836,0.156,0.12,0.272,
0.481,0.781,0.621,0.367,0.383,0.223,0.639,0.525,0.399,0.229,0.667,0.235,0.214,0.333,0.83,0.093,0.44,0.475,0.741,0.505,0.494,0.5,0.602,0.752,1
0.30946439504623413,0.35533204674720764,0.17787767946720123,0.20271718502044678,0.29295751452445984,0.7608175873756409,0.5291053056716919,0.5456860661506653,0.3153435289859772,0.06728087365627289,0.36257442831993103,0.10132686793804169,0.16855023801326752,0.2186134159564972,0.25099584460258484,0.577741801738739,0.16366130113601685,0.054542362689971924,0.19681227207183838,0.7270749807357788,0.7237810492515564,0.6800129413604736,0.2701987326145172,0.15381620824337006,0
0.281569213,0.387931377,0.2107611,0.217750192,0.308797508,0.72971642,0.516798675,0.559658647,0.313775063,0.079093412,0.28428635,0.128729925,0.20714058,0.227901027,0.280412555,0.44835633,0.193951026,0.061030544,0.225707188,0.778838336,0.766583025,0.637452662,0.23082678,0.186533406,
0.3235871493816376,0.5611975789070129,0.4453486502170563,0.6244129538536072,0.3299463093280792,0.5062553286552429,0.20071080327033997,0.32346832752227783,0.7626327872276306,0.772597074508667,0.1759035289287567,0.7031451463699341,0.694616436958313,0.5024466514587402,0.5248185992240906,0.10468077659606934,0.7126414775848389,0.35098835825920105,0.6082166433334351,0.649381160736084,0.6331652402877808,0.25506260991096497,0.14181563258171082,0.3942757546901703,0
0.45,0.501,0.784,0.379,0.484,0.151,0.55,0.277,0.492,0.517,0.5,0.412,0.341,0.667,0.834,0.152,0.661,0.594,0.817,0.394,0.385,0.992,0.846,0.825,1
0.31939589977264404,0.3696604073047638,0.2400975227355957,0.2463066279888153,0.36382171511650085,0.6988331079483032,0.5383159518241882,0.5320943593978882,0.3556571304798126,0.11736276000738144,0.2767624855041504,0.22915127873420715,0.2622423768043518,0.2533748149871826,0.31371769309043884,0.3262612223625183,0.22198490798473358,0.0830095186829567,0.25953444838523865,0.7558044791221619,0.7571569681167603,0.6565505862236023,0.2912268042564392,0.19958186149597168,0
0.3049778342247009,0.49034133553504944,0.3811366856098175,0.6368045806884766,0.305437833070755,0.565956711769104,0.18193133175373077,0.29203110933303833,0.7906782627105713,0.7980629205703735,0.12392282485961914,0.7706372737884521,0.7495123147964478,0.5001696348190308,0.456281840801239,0.05462675169110298,0.6794140338897705,0.24557635188102722,0.5477421283721924,0.7343754768371582,0.7112993597984314,0.29701268672943115,0.1209811195731163,0.3110370635986328,0
0.3028443455696106,0.3774588406085968,0.21091420948505402,0.2155459076166153,0.3227371871471405,0.7233355641365051,0.5319151282310486,0.5415037274360657,0.330904096364975,0.08295199275016785,0.30963703989982605,0.14803321659564972,0.20653779804706573,0.2242598533630371,0.29580962657928467,0.44726303219795227,0.19578073918819427,0.06640215218067169,0.23570267856121063,0.7436913847923279,0.7411878705024719,0.6567816138267517,0.26579123735427856,0.17917980253696442,0
0.33348435163497925,0.26502731442451477,0.16217577457427979,0.2549818158149719,0.3194029927253723,0.7898480892181396,0.5034249424934387,0.5180161595344543,0.3715779483318329,0.12142650783061981,0.27921685576438904,0.2036885917186737,0.25714111328125,0.26830217242240906,0.2031630575656891,0.32834285497665405,0.1689736545085907,0.04689567908644676,0.17055164277553558,0.7910927534103394,0.7969096302986145,0.7091577649116516,0.2744876444339752,0.12429378926753998,0
0.273,0.598,0.38,0.437,0.293,0.606,0.468,0.488,0.536,0.328,0.3,0.275,0.399,0.222,0.448,0.26,0.391,0.17,0.437,0.709,0.705,0.173,0.13,0.284,
0.364,0.717,0.328,0.285,0.389,0.564,0.399,0.353,0.555,0.352,0.033,0.725,0.717,0.222,0.51,0.046,0.41,0.203,0.493,0.72,0.714,0.738,0.237,0.354,1
0.2245689481496811,0.8852342963218689,0.6540688872337341,0.2964937090873718,0.34929129481315613,0.24472151696681976,0.41957494616508484,0.5300971269607544,0.42422038316726685,0.1773054152727127,0.5330143570899963,0.14666175842285156,0.2257576733827591,0.31489625573158264,0.8325697779655457,0.5358476638793945,0.6914832592010498,0.6362580060958862,0.774922251701355,0.42402583360671997,0.4056205749511719,0.1755421906709671,0.18137793242931366,0.7047203183174133,0
0.31065261363983154,0.36476343870162964,0.2713940739631653,0.3519776463508606,0.3605075776576996,0.6664990186691284,0.4468819200992584,0.4264127016067505,0.5174520611763,0.2878292500972748,0.155744731426239,0.5286180973052979,0.49088573455810547,0.3158787190914154,0.33769121766090393,0.10075743496417999,0.3092789053916931,0.08872835338115692,0.3143254220485687,0.8124147057533264,0.7956656217575073,0.6476357579231262,0.25585371255874634,0.2129063457250595,0
0.318989486,0.369497687,0.262735486,0.265911102,0.466756552,0.734704375,0.572142303,0.574271262,0.367271841,0.129760295,0.341906548,0.236935392,0.274627894,0.381361634,0.266822696,0.329733551,0.263157487,0.081295751,0.26662448,0.75041908,0.694885433,0.670505226,0.34471491,0.180241793,
0.302840829,0.438223898,0.256706983,0.290612906,0.339737862,0.674302757,0.451598585,0.501088142,0.422127992,0.172608048,0.262246042,0.231125802,0.305529296,0.280787438,0.343640447,0.327116817,0.30690524,0.10463243,0.305033058,0.736551762,0.739729881,0.586994767,0.232849583,0.23040919,
0.223,0.537,0.334,0.301,0.328,0.644,0.465,0.474,0.342,0.23,0.267,0.157,0.221,0.111,0.401,0.652,0.355,0.142,0.39,0.67,0.668,0.632,0.211,0.292,1
0.34441089630126953,0.6752994060516357,0.5557735562324524,0.46807149052619934,0.41971367597579956,0.3776485025882721,0.4401417672634125,0.34586796164512634,0.6314474940299988,0.526878297328949,0.2227393090724945,0.7206562757492065,0.6474509239196777,0.4485039710998535,0.6448162794113159,0.08037896454334259,0.5625972151756287,0.39140555262565613,0.632566511631012,0.6533988118171692,0.6055048108100891,0.5280640125274658,0.36706578731536865,0.5744890570640564,0
0.266,0.218,0.225,0.352,0.202,0.697,0.351,0.638,0.434,0.089,0.3,0.275,0.221,0.333,0.287,0.257,0.367,0.095,0.306,0.604,0.608,0.829,0.319,0.191,1
0.28980404138565063,0.5328655242919922,0.3416454493999481,0.25082987546920776,0.3680388033390045,0.578772783279419,0.5155797004699707,0.5312317609786987,0.36626341938972473,0.12287308275699615,0.30277854204177856,0.2139105349779129,0.25703662633895874,0.24799396097660065,0.4707240164279938,0.3693467378616333,0.32397031784057617,0.15432092547416687,0.3967679440975189,0.6904435157775879,0.6834088563919067,0.5292353630065918,0.2567357122898102,0.31296810507774353,0
0.295,0.477,0.309,0.281,0.4,0.577,0.691,0.483,0.635,0.204,0.133,0.569,0.405,0.444,0.448,0.084,0.124,0.106,0.329,0.431,0.436,0.852,0.656,0.324,
0.364,0.878,0.868,0.253,0.363,0.22,0.361,0.557,0.279,0.098,0.367,0.157,0.133,0.111,0.853,0.318,0.909,0.775,0.907,0.412,0.402,0.041,0.249,0.791,1
0.277,0.535,0.34,0.282,0.455,0.468,0.422,0.411,0.446,0.285,0.0,0.725,0.693,0.222,0.558,0.171,0.4,0.233,0.529,0.654,0.646,0.754,0.244,0.429,1
0.284,0.681,0.478,0.574,0.404,0.351,0.566,0.229,0.897,0.732,0.433,0.627,0.589,0.444,0.693,0.166,0.384,0.319,0.62,0.569,0.562,0.64,0.551,0.555,
0.30243003368377686,0.43780001997947693,0.3224698007106781,0.4706164598464966,0.32990410923957825,0.6155800819396973,0.2980450689792633,0.38608700037002563,0.6382125616073608,0.5022173523902893,0.1592402160167694,0.5801966190338135,0.5662105083465576,0.3853393793106079,0.4037468135356903,0.10152296721935272,0.49253880977630615,0.15590152144432068,0.4281473457813263,0.7586264610290527,0.7470031380653381,0.43167510628700256,0.16811953485012054,0.2578924298286438,0
0.315568745,0.281063765,0.218634665,0.293885589,0.37626785,0.736418247,0.432133853,0.429548502,0.420352131,0.247260451,0.128020078,0.534406483,0.447681904,0.241353437,0.262168854,0.068080105,0.268825471,0.065510303,0.252796918,0.864896715,0.881068289,0.68538183,0.236972839,0.168745399,
0.2922547161579132,0.6707953214645386,0.45697256922721863,0.3326583504676819,0.35451167821884155,0.4707077741622925,0.41192516684532166,0.48882782459259033,0.4610748291015625,0.23221544921398163,0.3605325222015381,0.2374912053346634,0.3045397400856018,0.3125154972076416,0.5979492664337158,0.4346480369567871,0.5114203691482544,0.3247637450695038,0.5634199380874634,0.5637636780738831,0.55970698595047,0.34486305713653564,0.2166120409965515,0.45361870527267456,0
0.461,0.734,0.44,0.243,0.426,0.602,0.44,0.484,0.362,0.17,0.267,0.176,0.295,0.111,0.48,0.322,0.468,0.205,0.489,0.797,0.79,0.624,0.209,0.39,1
0.3289577066898346,0.6783390045166016,0.5230920314788818,0.2812056839466095,0.45184409618377686,0.38215169310569763,0.6182999610900879,0.4480929672718048,0.42268484830856323,0.17639365792274475,0.2708088457584381,0.507822573184967,0.4102562963962555,0.31220316886901855,0.6509327292442322,0.12337235361337662,0.3731280565261841,0.26991215348243713,0.5611404776573181,0.6761967539787292,0.6537405848503113,0.6912271976470947,0.49013885855674744,0.5674812197685242,0
0.346,0.306,0.342,0.283,0.387,0.636,0.0,0.137,0.626,0.592,0.0,0.765,0.429,0.333,0.359,0.063,0.792,0.203,0.493,0.961,0.955,0.205,0.125,0.195,1
0.33139774203300476,0.25701770186424255,0.20256850123405457,0.3650227189064026,0.3546200394630432,0.7483298778533936,0.4400702714920044,0.4297047555446625,0.5162053108215332,0.30725371837615967,0.16290073096752167,0.543369710445404,0.49977678060531616,0.3397555947303772,0.2400871068239212,0.09083151072263718,0.260857492685318,0.0625867247581482,0.22998680174350739,0.8355569839477539,0.8344995975494385,0.7017084360122681,0.27341288328170776,0.14879077672958374,0
0.324269861,0.481977314,0.384010494,0.613334537,0.348404765,0.511621118,0.196973875,0.214387044,0.804718137,0.786733091,0.10932105,0.763441801,0.657579184,0.381478548,0.523177624,0.043049186,0.66915983,0.234044626,0.607534885,0.711145937,0.725106597,0.441351384,0.157496512,0.27914685,
0.36811068654060364,0.7591997385025024,0.5996915102005005,0.2203557789325714,0.5012422204017639,0.3175535500049591,0.6823569536209106,0.5337935090065002,0.3116002678871155,0.09415538609027863,0.42257964611053467,0.28833818435668945,0.23624825477600098,0.26948437094688416,0.7152337431907654,0.33854955434799194,0.3569154441356659,0.39228764176368713,0.6275684237480164,0.5185184478759766,0.5376775860786438,0.6491244435310364,0.5787103772163391,0.6815118789672852,0
0.348954409,0.519595981,0.342919439,0.514135599,0.375427365,0.581416607,0.257357538,0.324451178,0.747309685,0.611568689,0.26130864,0.400926888,0.435409129,0.406850249,0.447333515,0.238542378,0.58663553,0.212395608,0.565898776,0.580244362,0.579506576,0.460697323,0.198292613,0.267357469,
0.264,0.807,0.457,0.398,0.184,0.372,0.498,0.447,0.504,0.342,0.567,0.118,0.318,0.222,0.702,0.692,0.43,0.367,0.647,0.646,0.633,0.575,0.235,0.644,1
0.475,0.612,0.538,0.537,0.617,0.444,0.599,0.252,0.828,0.676,0.067,0.804,0.706,0.556,0.595,0.176,0.405,0.262,0.556,0.591,0.584,0.0,0.086,0.296,1
0.248,0.537,0.346,0.31,0.155,0.464,0.177,0.38,0.4,0.342,0.5,0.275,0.301,0.333,0.562,0.224,0.631,0.296,0.596,0.397,0.398,0.837,0.756,0.504,1
0.307781667,0.73411113,0.596238017,0.542169452,0.354188472,0.38681218,0.482422829,0.434051692,0.565732896,0.429458439,0.150130346,0.77834934,0.72424835,0.438316852,0.696241379,0.035969928,0.60789454,0.372718155,0.618696451,0.79093194,0.707228243,0.436628252,0.206059158,0.620458245,
0.3044860363006592,0.5190121531486511,0.30601412057876587,0.2935703694820404,0.3209660053253174,0.6222841739654541,0.4318561553955078,0.5061043500900269,0.418617844581604,0.16006016731262207,0.37913012504577637,0.1693900227546692,0.23996150493621826,0.2769966423511505,0.4191666841506958,0.5679301023483276,0.3552589416503906,0.17295055091381073,0.3885820806026459,0.6094257235527039,0.6100591421127319,0.4740898609161377,0.2421046495437622,0.29170000553131104,0
0.441,0.115,0.151,0.275,0.245,0.726,0.266,0.474,0.348,0.209,0.133,0.549,0.567,0.333,0.238,0.0,0.382,0.079,0.273,0.741,0.745,0.803,0.29,0.126,
0.532,0.803,0.875,0.522,0.568,0.162,0.487,0.555,0.558,0.325,0.6,0.098,0.208,0.333,0.888,0.288,0.799,0.773,0.905,0.391,0.38,0.033,0.227,0.777,1
0.288,0.847,0.56,0.179,0.29,0.263,0.459,0.424,0.332,0.184,0.267,0.51,0.29,0.333,0.808,0.164,0.554,0.514,0.769,0.675,0.658,0.575,0.255,0.778,1
0.37,0.692,0.44,0.39,0.41,0.404,0.317,0.308,0.686,0.491,0.067,0.647,0.63,0.444,0.648,0.217,0.582,0.366,0.656,0.639,0.629,0.409,0.15,0.486,1
0.288,0.225,0.204,0.166,0.26,0.75,0.571,0.511,0.311,0.075,0.367,0.039,0.093,0.222,0.24,0.692,0.144,0.047,0.194,0.865,0.866,0.722,0.218,0.118,1
0.472,0.615,0.445,0.286,0.454,0.61,0.25,0.387,0.396,0.315,0.4,0.137,0.301,0.333,0.448,0.82,0.649,0.244,0.517,0.373,0.376,0.026,0.026,0.285,1
0.537,0.703,1.0,0.567,0.402,0.014,0.578,0.404,0.467,0.531,0.467,0.275,0.445,0.222,1.0,0.12,0.821,1.0,1.0,0.229,0.216,0.083,0.399,0.98,1
0.262,0.289,0.056,0.116,0.185,0.952,0.25,0.444,0.249,0.109,0.333,0.059,0.11,0.222,0.073,0.603,0.315,0.031,0.139,0.853,0.861,0.746,0.23,0.041,1
0.28571850061416626,0.7527796626091003,0.5640173554420471,0.463631272315979,0.34807559847831726,0.37275055050849915,0.2849882245063782,0.4346455931663513,0.6000916361808777,0.47535979747772217,0.3290245234966278,0.36342766880989075,0.4347529709339142,0.40003740787506104,0.7035080194473267,0.31627845764160156,0.7194730043411255,0.5112679600715637,0.7098746299743652,0.5084212422370911,0.5068967938423157,0.18557822704315186,0.15001288056373596,0.5624300241470337,0
0.34060463309288025,0.45992493629455566,0.30782023072242737,0.22561922669410706,0.40249544382095337,0.6261049509048462,0.5875154733657837,0.5586405992507935,0.31104588508605957,0.09029112011194229,0.34736043214797974,0.18726281821727753,0.21061789989471436,0.23726651072502136,0.4018438756465912,0.4694087505340576,0.24004621803760529,0.13046830892562866,0.33190634846687317,0.6699187159538269,0.6837930083274841,0.6497358679771423,0.3706728518009186,0.29425525665283203,0
0.175,0.747,0.316,0.346,0.392,0.618,0.478,0.473,0.518,0.269,0.133,0.529,0.429,0.556,0.468,0.138,0.327,0.16,0.421,0.656,0.652,0.738,0.237,0.289,1
0.233257324,0.748493671,0.443360358,0.340272456,0.297977656,0.414853513,0.349794656,0.540978312,0.468469471,0.187521562,0.334533215,0.160035834,0.336354971,0.307376981,0.638362229,0.586999655,0.519936264,0.420210928,0.528839529,0.551337004,0.544991851,0.266752988,0.160277784,0.486569852,
0.30429571866989136,0.3645336329936981,0.1382993757724762,0.2076345682144165,0.20940014719963074,0.8077099919319153,0.42584097385406494,0.5200896263122559,0.3508012592792511,0.06655629724264145,0.46389102935791016,0.04761311784386635,0.12713275849819183,0.22109289467334747,0.2075744867324829,0.7992061376571655,0.16637761890888214,0.046991635113954544,0.17818216979503632,0.6457122564315796,0.647864580154419,0.6119855642318726,0.20748969912528992,0.12858133018016815,0
0.537,0.506,0.315,0.298,0.348,0.598,0.22,0.487,0.369,0.214,0.033,0.529,0.462,0.222,0.436,0.106,0.565,0.197,0.481,0.799,0.794,0.516,0.138,0.292,1
0.43,0.723,0.806,0.093,0.3,0.052,0.668,0.407,0.207,0.132,1.0,0.0,0.098,0.111,0.97,0.394,0.571,0.736,0.885,0.3,0.289,0.78,0.788,0.975,1
0.443,0.624,0.732,0.024,0.291,0.3,0.176,0.473,0.0,0.0,0.467,0.137,0.098,0.0,0.727,0.825,0.963,0.605,0.823,0.303,0.299,0.0,0.091,0.635,1
0.3142735958099365,0.2552749514579773,0.16926023364067078,0.21058672666549683,0.36922889947891235,0.775044322013855,0.6017658710479736,0.5456668138504028,0.3187602758407593,0.08695060759782791,0.22091513872146606,0.26317933201789856,0.26530107855796814,0.23456276953220367,0.22295604646205902,0.20490403473377228,0.13926969468593597,0.04053400456905365,0.16727305948734283,0.8431316018104553,0.8420029878616333,0.7801457047462463,0.3242882490158081,0.12755392491817474,0
0.288,0.769,0.322,0.198,0.266,0.449,0.586,0.577,0.315,0.029,0.3,0.196,0.589,0.222,0.624,0.352,0.232,0.218,0.511,0.531,0.524,0.665,0.241,0.527,1
0.2841515839099884,0.4185226559638977,0.22878007590770721,0.18832971155643463,0.3292308449745178,0.695908784866333,0.5620357394218445,0.5577675700187683,0.30034777522087097,0.06206502765417099,0.2973462641239166,0.1319272369146347,0.18700569868087769,0.19523099064826965,0.3376936912536621,0.45236465334892273,0.19194035232067108,0.06639896333217621,0.2554296553134918,0.7487747073173523,0.7395526170730591,0.6552757620811462,0.25984299182891846,0.19722850620746613,0
0.346,0.563,0.388,0.319,0.308,0.434,0.123,0.337,0.496,0.399,0.167,0.412,0.573,0.333,0.595,0.377,0.718,0.358,0.654,0.701,0.692,0.459,0.148,0.322,1
0.288,0.693,0.495,0.516,0.375,0.433,0.117,0.007,0.999,0.933,0.133,0.627,0.613,0.556,0.623,0.036,0.815,0.417,0.701,0.541,0.533,0.549,0.173,0.378,1
0.312211365,0.411840796,0.234614149,0.251819879,0.329850525,0.727645159,0.510128617,0.550753117,0.359774917,0.111525513,0.3885068,0.120451778,0.188481569,0.276036382,0.297903389,0.562213182,0.237841576,0.077502578,0.262106031,0.699568331,0.676184773,0.645512283,0.281498075,0.197057128,
0.3071669638156891,0.44225072860717773,0.2080700695514679,0.258012592792511,0.25323858857154846,0.7270523309707642,0.409997820854187,0.5096150636672974,0.3977755308151245,0.11321132630109787,0.4259587824344635,0.08787745982408524,0.177491694688797,0.2571917474269867,0.2978115975856781,0.7068197131156921,0.25707048177719116,0.09290051460266113,0.26976141333580017,0.6219867467880249,0.6217761039733887,0.5204904079437256,0.21012450754642487,0.19434477388858795,0
0.312924057,0.35777387,0.203500018,0.222851574,0.328841567,0.770622671,0.537831128,0.56240201,0.32387507,0.08903788,0.387297451,0.106566176,0.161534294,0.254579723,0.247963518,0.555310369,0.190439746,0.053060446,0.222210243,0.735524237,0.712005198,0.695868671,0.291305304,0.161407292,
0.304,0.355,0.339,0.257,0.325,0.616,0.046,0.395,0.405,0.282,0.033,0.49,0.664,0.111,0.387,0.276,0.746,0.212,0.498,0.905,0.9,0.28,0.129,0.226,1
0.30551472306251526,0.3622114360332489,0.19260786473751068,0.19662311673164368,0.3153235912322998,0.7431632876396179,0.555402934551239,0.5523021221160889,0.30473223328590393,0.06516862660646439,0.3327242136001587,0.11994529515504837,0.1793995499610901,0.2118227332830429,0.2720915973186493,0.5082876086235046,0.16559846699237823,0.05670855566859245,0.20850813388824463,0.7445644736289978,0.7404443621635437,0.6913830637931824,0.28174838423728943,0.16479246318340302,0
0.355,0.794,0.491,0.298,0.328,0.262,0.856,0.555,0.348,0.137,0.333,0.431,0.307,0.222,0.797,0.329,0.127,0.287,0.573,0.572,0.56,0.878,0.88,0.7,1
0.2834210693836212,0.636256217956543,0.31876665353775024,0.2601163387298584,0.25108399987220764,0.5925564765930176,0.38470253348350525,0.5029480457305908,0.4270753562450409,0.1246865838766098,0.45533066987991333,0.07512106746435165,0.1798570305109024,0.24488551914691925,0.45723670721054077,0.7879117131233215,0.3662644922733307,0.18485519289970398,0.4269181191921234,0.5184402465820312,0.48220595717430115,0.3588377833366394,0.1702938824892044,0.3176406919956207,0
0.298165649,0.237278745,0.160348803,0.189487487,0.351151526,0.818870783,0.569768906,0.541338503,0.269896865,0.079996102,0.191977218,0.248429641,0.245241642,0.20473966,0.178578228,0.170585006,0.136015013,0.02695711,0.155377209,0.881946623,0.879947484,0.772848725,0.266873449,0.116845548,
0.335,0.637,0.541,0.321,0.136,0.169,0.651,0.574,0.28,0.135,0.833,0.137,0.139,0.111,0.847,0.601,0.36,0.449,0.725,0.299,0.292,1.0,1.0,0.818,1
0.397,0.539,0.498,0.244,0.253,0.168,0.65,0.325,0.45,0.35,0.6,0.471,0.347,0.333,0.828,0.072,0.324,0.402,0.679,0.508,0.497,0.902,0.815,0.766,1
0.2896486818790436,0.3986765742301941,0.2345961332321167,0.3073563575744629,0.2986363172531128,0.7013105154037476,0.387565940618515,0.48299533128738403,0.4594898521900177,0.1926582157611847,0.24035383760929108,0.23816443979740143,0.30903366208076477,0.27767202258110046,0.3251948952674866,0.28964903950691223,0.311454176902771,0.08584246784448624,0.29931125044822693,0.7492828965187073,0.7498511672019958,0.5075334310531616,0.17370931804180145,0.1873776912689209,0
0.463,0.562,0.373,0.666,0.463,0.533,0.607,0.428,0.746,0.587,0.133,0.922,0.947,0.556,0.505,0.036,0.256,0.159,0.43,0.684,0.678,0.803,0.598,0.353,1
0.26195064187049866,0.7295073866844177,0.5621963143348694,0.4575316905975342,0.37537774443626404,0.33314502239227295,0.4081907570362091,0.3272666037082672,0.6619426012039185,0.5214669108390808,0.1692800372838974,0.7600468397140503,0.6956366300582886,0.4307813346385956,0.7050631642341614,0.03659140691161156,0.6165042519569397,0.35168230533599854,0.6619694232940674,0.7402998805046082,0.6636942625045776,0.476129412651062,0.25956740975379944,0.5633577108383179,0
0.499,0.551,0.679,0.887,0.581,0.413,0.207,0.23,0.853,0.993,0.7,0.373,0.786,0.333,0.61,0.059,0.89,0.428,0.71,0.698,0.691,0.73,0.697,0.642,1
0.579,0.752,0.498,0.118,0.275,0.16,1.0,0.479,0.232,0.071,0.5,0.275,0.157,0.0,0.88,0.39,0.0,0.24,0.515,0.503,0.489,0.163,0.412,0.689,
0.297388643,0.367192507,0.211856276,0.203280449,0.339761287,0.745678782,0.565227568,0.592169762,0.274371088,0.06943325,0.342336804,0.125436574,0.192309976,0.245462358,0.264636159,0.503414154,0.184716657,0.062678806,0.205168664,0.764731765,0.751703143,0.674345672,0.288959324,0.183440462,
0.435,0.619,0.398,0.606,0.364,0.521,0.095,0.165,0.828,0.83,0.167,0.627,0.768,0.556,0.528,0.124,0.752,0.309,0.611,0.518,0.515,0.526,0.18,0.333,
0.377,0.516,0.28,0.108,0.208,0.72,0.61,0.519,0.221,0.02,0.4,0.059,0.047,0.111,0.329,0.855,0.174,0.078,0.273,0.668,0.669,0.754,0.238,0.243,1
0.377,0.609,0.543,0.308,0.351,0.312,0.528,0.526,0.436,0.178,0.467,0.137,0.248,0.111,0.713,0.386,0.475,0.38,0.672,0.366,0.362,0.886,0.677,0.629,
0.69,0.284,0.22,0.084,0.321,0.815,0.343,0.401,0.269,0.13,0.067,0.471,0.202,0.333,0.195,0.079,0.37,0.069,0.24,0.948,0.949,0.746,0.245,0.178,1
0.335,0.29,0.341,0.267,0.448,0.623,0.519,0.371,0.453,0.317,0.1,0.529,0.365,0.333,0.367,0.112,0.31,0.113,0.351,0.679,0.679,0.764,0.23,0.214,
0.299,0.564,0.398,0.546,0.639,0.64,0.687,0.741,0.336,0.137,0.3,0.314,0.226,0.222,0.41,0.333,0.203,0.105,0.324,0.678,0.676,0.829,0.333,0.313,1
0.239,0.562,0.369,0.448,0.23,0.603,0.631,0.546,0.426,0.273,0.3,0.235,0.312,0.222,0.443,0.247,0.231,0.126,0.377,0.82,0.813,0.614,0.482,0.336,
0.388,0.672,0.51,0.214,0.418,0.503,0.158,0.348,0.44,0.298,0.6,0.137,0.157,0.333,0.555,0.261,0.79,0.343,0.642,0.694,0.69,0.754,0.597,0.492,1
0.21606847643852234,0.9137800931930542,0.7361271977424622,0.31297898292541504,0.40325114130973816,0.16774991154670715,0.499172568321228,0.5002844333648682,0.4394497573375702,0.21360164880752563,0.5256837606430054,0.2946966290473938,0.31625834107398987,0.37514176964759827,0.8876966834068298,0.2587418556213379,0.7297569513320923,0.733333945274353,0.8239150047302246,0.468736857175827,0.43611717224121094,0.23411352932453156,0.2704951763153076,0.7988837361335754,0
0.3174169659614563,0.5717407464981079,0.4374627470970154,0.5870535969734192,0.3229222893714905,0.5169726014137268,0.20178578794002533,0.36476975679397583,0.7208095192909241,0.7052194476127625,0.21491006016731262,0.5733150243759155,0.6005361676216125,0.47280415892601013,0.5248470902442932,0.16842257976531982,0.7046733498573303,0.3569211959838867,0.6007135510444641,0.6141231656074524,0.6179730296134949,0.21751786768436432,0.12714941799640656,0.3842690587043762,0
0.381543279,0.485693246,0.427588731,0.449153066,0.465951443,0.611385763,0.529219985,0.527033985,0.522812605,0.360809028,0.262813538,0.555953205,0.511164784,0.470769644,0.418974608,0.144754112,0.436187923,0.218212754,0.408964425,0.736538172,0.659260154,0.597317696,0.352525145,0.36360994,
0.326,0.456,0.091,0.08,0.233,0.775,0.609,0.456,0.243,0.066,0.233,0.216,0.248,0.222,0.267,0.187,0.013,0.036,0.153,0.923,0.922,0.754,0.228,0.2,1
0.233,0.736,0.432,0.266,0.36,0.472,0.57,0.599,0.391,0.062,0.333,0.176,0.243,0.111,0.597,0.228,0.341,0.235,0.532,0.619,0.611,0.795,0.283,0.471,1
0.43,0.588,0.505,0.318,0.387,0.504,0.243,0.358,0.458,0.375,0.4,0.176,0.405,0.111,0.537,0.442,0.707,0.308,0.609,0.55,0.55,0.606,0.499,0.453,
0.36722216,0.514634788,0.424770713,0.647579908,0.36927399,0.511794031,0.246605143,0.237681001,0.808246732,0.78855145,0.145390406,0.761103928,0.661759257,0.449470133,0.535974085,0.052451093,0.676435113,0.248161212,0.624401808,0.682124496,0.658623397,0.48494035,0.196533501,0.327652037,
0.3043871223926544,0.44471004605293274,0.30669885873794556,0.30500727891921997,0.36775636672973633,0.6282923221588135,0.46234259009361267,0.49630269408226013,0.43264204263687134,0.196026012301445,0.23630844056606293,0.3200688064098358,0.3417275547981262,0.28209176659584045,0.4018108546733856,0.24271348118782043,0.3347901701927185,0.12864774465560913,0.36069539189338684,0.7379910945892334,0.7356809973716736,0.5396450757980347,0.23726290464401245,0.25773435831069946,0
0.381,0.494,0.338,0.138,0.245,0.6,0.358,0.507,0.25,0.057,0.133,0.333,0.232,0.111,0.432,0.316,0.457,0.174,0.451,0.749,0.744,0.541,0.205,0.314,1
0.475,0.899,0.892,0.321,0.498,0.108,0.679,0.569,0.377,0.141,0.433,0.176,0.144,0.222,0.957,0.334,0.635,0.778,0.909,0.395,0.382,0.467,0.595,0.881,1
0.31238028407096863,0.43416473269462585,0.21460695564746857,0.2818777859210968,0.2588472366333008,0.7224202156066895,0.3919558525085449,0.498493492603302,0.42457929253578186,0.1408867985010147,0.39928922057151794,0.10865573585033417,0.20467786490917206,0.2754272520542145,0.29820361733436584,0.6467022895812988,0.27619466185569763,0.097390316426754,0.2766782343387604,0.635566234588623,0.6350722312927246,0.5036042928695679,0.2017459124326706,0.1947941929101944,0
0.283673286,0.246811733,0.093097776,0.120399207,0.222529396,0.869759917,0.532127976,0.555418789,0.213319942,0.031245515,0.458192766,0.02521996,0.055774733,0.127802417,0.144884244,0.798383296,0.084812924,0.013468479,0.121697165,0.75996238,0.788032293,0.795050442,0.247246295,0.074367814,
0.382995903,0.764307976,0.597435296,0.498878926,0.407119364,0.400134921,0.541321278,0.516303182,0.555543184,0.403996557,0.370773584,0.557808578,0.560332298,0.506350636,0.660505116,0.171869487,0.623729408,0.469847918,0.648683071,0.602982759,0.529925227,0.441715598,0.304209411,0.654047012,
0.25157544,0.425177872,0.260044545,0.264407784,0.318246305,0.662794292,0.422250032,0.517510235,0.369718164,0.130861133,0.17231302,0.260908693,0.341127068,0.22534582,0.354510635,0.234016463,0.262451768,0.102202147,0.28028515,0.816491544,0.808552623,0.534033775,0.182085812,0.229565993,
0.30298200249671936,0.6582896709442139,0.5140048265457153,0.5599111914634705,0.3511534631252289,0.42007383704185486,0.2644425928592682,0.3430417478084564,0.7129349708557129,0.6739088296890259,0.20515285432338715,0.670589804649353,0.6527355909347534,0.4718529284000397,0.6202242374420166,0.10568457096815109,0.6988915801048279,0.40908804535865784,0.6551817059516907,0.6375744342803955,0.6041033864021301,0.2872684597969055,0.17741520702838898,0.4873751997947693,0
